fips_i,fips_j,routes,n_routes,edge_type
01001,01021,I-65,1,sequential
01001,01051,I-65,1,sequential
01003,01053,I-65,1,sequential
01003,01097,"I-10,I-65",2,sequential
01003,12033,I-10,1,sequential
01009,01043,I-65,1,sequential
01009,01073,I-65,1,sequential
01013,01035,I-65,1,sequential
01013,01085,I-65,1,sequential
01015,01029,I-20,1,sequential
01015,01121,I-20,1,sequential
01017,01081,I-85,1,sequential
01017,13145,I-85,1,sequential
01021,01117,I-65,1,sequential
01029,13143,I-20,1,sequential
01035,01053,I-65,1,sequential
01043,01103,I-65,1,sequential
01049,01055,I-59,1,sequential
01049,13083,I-59,1,sequential
01051,01101,I-65,1,sequential
01055,01115,I-59,1,sequential
01063,01119,"I-20,I-59",2,sequential
01063,01125,"I-20,I-59",2,sequential
01073,01115,"I-20,I-59",2,sequential
01073,01117,I-65,1,sequential
01073,01125,"I-20,I-59",2,sequential
01073,01127,I-22,1,sequential
01081,01087,I-85,1,sequential
01083,01089,I-565,1,sequential
01083,01103,I-65,1,sequential
01083,47055,I-65,1,sequential
01085,01101,I-65,1,sequential
01087,01101,I-85,1,sequential
01093,01127,I-22,1,sequential
01093,28057,I-22,1,sequential
01097,28059,I-10,1,sequential
01115,01121,I-20,1,sequential
01119,28075,"I-20,I-59",2,sequential
04001,04017,I-40,1,sequential
04001,35031,I-40,1,sequential
04003,04019,I-10,1,sequential
04003,35023,I-10,1,sequential
04005,04017,I-40,1,sequential
04005,04025,"I-17,I-40",2,sequential
04012,04013,I-10,1,sequential
04012,06065,I-10,1,sequential
04013,04021,"I-10,I-8",2,sequential
04013,04025,I-17,1,sequential
04013,04027,I-8,1,sequential
04015,04025,I-40,1,sequential
04015,06071,I-40,1,sequential
04015,32003,I-15,1,sequential
04015,49053,I-15,1,sequential
04019,04021,I-10,1,sequential
04019,04023,I-19,1,sequential
04027,06025,I-8,1,sequential
05007,05143,I-49,1,sequential
05019,05059,I-30,1,sequential
05019,05099,I-30,1,sequential
05029,05045,I-40,1,sequential
05029,05115,I-40,1,sequential
05031,05111,I-555,1,sequential
05033,05047,I-40,1,sequential
05033,05131,I-540,1,sequential
05033,05143,I-49,1,sequential
05033,40135,I-40,1,sequential
05035,05093,I-55,1,sequential
05035,05111,I-555,1,sequential
05035,05123,I-40,1,sequential
05035,47157,"I-40,I-55",2,sequential
05045,05119,I-40,1,sequential
05047,05071,I-40,1,sequential
05053,05069,I-530,1,sequential
05053,05119,I-530,1,sequential
05057,05091,I-30,1,sequential
05057,05099,I-30,1,sequential
05059,05125,I-30,1,sequential
05071,05115,I-40,1,sequential
05085,05117,I-40,1,sequential
05085,05119,I-40,1,sequential
05091,22017,I-49,1,sequential
05091,48037,"I-30,I-49",2,sequential
05093,29155,I-55,1,sequential
05095,05117,I-40,1,sequential
05095,05123,I-40,1,sequential
05119,05125,"I-30,I-530",2,sequential
05131,40079,I-540,1,sequential
06001,06013,"I-580,I-680,I-80",3,sequential
06001,06075,I-80,1,sequential
06001,06077,"I-205,I-580",2,sequential
06001,06085,"I-680,I-880",2,sequential
06011,06021,I-5,1,sequential
06011,06113,I-5,1,sequential
06013,06041,I-580,1,sequential
06013,06095,"I-680,I-80",2,sequential
06019,06031,I-5,1,sequential
06019,06047,I-5,1,sequential
06021,06103,I-5,1,sequential
06025,06073,I-8,1,sequential
06029,06031,I-5,1,sequential
06029,06037,I-5,1,sequential
06037,06059,"I-405,I-5,I-605",3,sequential
06037,06071,I-10,1,sequential
06047,06099,I-5,1,sequential
06055,06095,I-80,1,sequential
06057,06061,I-80,1,sequential
06057,06091,I-80,1,sequential
06059,06073,I-5,1,sequential
06061,06067,I-80,1,sequential
06065,06071,"I-10,I-15,I-215",3,sequential
06065,06073,I-15,1,sequential
06067,06077,I-5,1,sequential
06067,06113,"I-5,I-80",2,sequential
06071,32003,I-15,1,sequential
06075,06081,I-280,1,sequential
06077,06099,"I-5,I-580",2,sequential
06081,06085,I-280,1,sequential
06089,06093,I-5,1,sequential
06089,06103,I-5,1,sequential
06091,32031,I-80,1,sequential
06093,41029,I-5,1,sequential
06095,06113,"I-505,I-80",2,sequential
08001,08005,"I-225,I-70",2,sequential
08001,08014,I-25,1,sequential
08001,08031,"I-25,I-270,I-70",3,sequential
08001,08059,I-76,1,sequential
08001,08123,I-76,1,sequential
08005,08031,"I-225,I-25",2,sequential
08005,08035,I-25,1,sequential
08005,08039,I-70,1,sequential
08014,08123,I-25,1,sequential
08019,08059,I-70,1,sequential
08019,08117,I-70,1,sequential
08031,08059,"I-70,I-76",2,sequential
08035,08041,I-25,1,sequential
08037,08045,I-70,1,sequential
08037,08117,I-70,1,sequential
08039,08073,I-70,1,sequential
08041,08101,I-25,1,sequential
08045,08077,I-70,1,sequential
08055,08071,I-25,1,sequential
08055,08101,I-25,1,sequential
08063,08073,I-70,1,sequential
08063,20181,I-70,1,sequential
08069,08123,I-25,1,sequential
08071,35007,I-25,1,sequential
08075,08115,I-76,1,sequential
08075,08121,I-76,1,sequential
08077,49019,I-70,1,sequential
08087,08121,I-76,1,sequential
08087,08123,I-76,1,sequential
08115,31049,I-76,1,sequential
08123,56021,I-25,1,sequential
09110,09130,I-91,1,sequential
09110,09140,"I-691,I-84",2,sequential
09110,09150,I-84,1,sequential
09110,09170,I-691,1,sequential
09110,25013,I-91,1,sequential
09120,09170,I-95,1,sequential
09120,09190,I-95,1,sequential
09130,09170,"I-91,I-95",2,sequential
09130,09180,I-95,1,sequential
09140,09190,I-84,1,sequential
09150,09180,I-395,1,sequential
09150,25013,I-84,1,sequential
09150,25027,I-395,1,sequential
09180,44009,I-95,1,sequential
09190,36079,I-84,1,sequential
09190,36119,"I-684,I-95",2,sequential
10003,24015,I-95,1,sequential
10003,34033,I-295,1,sequential
10003,42045,"I-495,I-95",2,sequential
11001,24033,"I-295,I-495,I-95",3,sequential
11001,51013,"I-395,I-66",2,sequential
11001,51510,"I-495,I-95",2,sequential
12001,12023,I-75,1,sequential
12001,12083,I-75,1,sequential
12003,12023,I-10,1,sequential
12003,12089,I-10,1,sequential
12009,12061,I-95,1,sequential
12009,12127,I-95,1,sequential
12011,12021,I-75,1,sequential
12011,12086,"I-75,I-95",2,sequential
12011,12099,I-95,1,sequential
12015,12027,I-75,1,sequential
12015,12071,I-75,1,sequential
12019,12031,I-295,1,sequential
12021,12071,I-75,1,sequential
12023,12121,"I-10,I-75",2,sequential
12027,12115,I-75,1,sequential
12031,12089,"I-10,I-95",2,sequential
12031,12109,I-95,1,sequential
12033,12113,I-10,1,sequential
12035,12109,I-95,1,sequential
12035,12127,I-95,1,sequential
12039,12063,I-10,1,sequential
12039,12073,I-10,1,sequential
12047,12121,I-75,1,sequential
12047,13185,I-75,1,sequential
12053,12101,I-75,1,sequential
12053,12119,I-75,1,sequential
12057,12081,"I-275,I-75",2,sequential
12057,12101,"I-275,I-75",2,sequential
12057,12103,I-275,1,sequential
12057,12105,I-4,1,sequential
12059,12131,I-10,1,sequential
12059,12133,I-10,1,sequential
12061,12111,I-95,1,sequential
12063,12133,I-10,1,sequential
12065,12073,I-10,1,sequential
12065,12079,I-10,1,sequential
12079,12121,I-10,1,sequential
12081,12115,I-75,1,sequential
12083,12119,I-75,1,sequential
12085,12099,I-95,1,sequential
12085,12111,I-95,1,sequential
12089,13039,I-95,1,sequential
12091,12113,I-10,1,sequential
12091,12131,I-10,1,sequential
12095,12097,I-4,1,sequential
12095,12117,I-4,1,sequential
12097,12105,I-4,1,sequential
12117,12127,I-4,1,sequential
13011,13119,I-85,1,sequential
13011,13157,I-85,1,sequential
13013,13135,I-85,1,sequential
13013,13157,I-85,1,sequential
13015,13057,I-75,1,sequential
13015,13129,I-75,1,sequential
13021,13079,I-75,1,sequential
13021,13207,"I-475,I-75",2,sequential
13021,13289,I-16,1,sequential
13023,13175,I-16,1,sequential
13023,13289,I-16,1,sequential
13029,13031,I-16,1,sequential
13029,13051,I-95,1,sequential
13029,13103,I-16,1,sequential
13029,13179,I-95,1,sequential
13031,13043,I-16,1,sequential
13035,13171,I-75,1,sequential
13035,13255,I-75,1,sequential
13039,13127,I-95,1,sequential
13043,13107,I-16,1,sequential
13045,13097,I-20,1,sequential
13045,13143,I-20,1,sequential
13047,13313,I-75,1,sequential
13047,47065,I-75,1,sequential
13051,13103,"I-16,I-95",2,sequential
13057,13067,"I-575,I-75",2,sequential
13057,13227,I-575,1,sequential
13063,13089,I-675,1,sequential
13063,13121,"I-285,I-75,I-85",3,sequential
13063,13151,"I-675,I-75",2,sequential
13067,13097,I-20,1,sequential
13067,13121,"I-20,I-285,I-75",3,sequential
13073,13189,I-20,1,sequential
13073,13245,I-20,1,sequential
13075,13185,I-75,1,sequential
13075,13277,I-75,1,sequential
13077,13121,I-85,1,sequential
13077,13199,I-85,1,sequential
13079,13225,I-75,1,sequential
13081,13093,I-75,1,sequential
13081,13287,I-75,1,sequential
13083,47065,I-24,1,sequential
13089,13121,"I-20,I-285,I-85",3,sequential
13089,13135,I-85,1,sequential
13089,13247,I-20,1,sequential
13093,13153,I-75,1,sequential
13103,45053,I-95,1,sequential
13107,13283,I-16,1,sequential
13119,13147,I-85,1,sequential
13127,13191,I-95,1,sequential
13129,13313,I-75,1,sequential
13133,13211,I-20,1,sequential
13133,13265,I-20,1,sequential
13135,13139,I-985,1,sequential
13145,13215,I-185,1,sequential
13145,13285,"I-185,I-85",2,sequential
13147,45073,I-85,1,sequential
13151,13255,I-75,1,sequential
13153,13225,I-75,1,sequential
13171,13207,I-75,1,sequential
13175,13283,I-16,1,sequential
13179,13191,I-95,1,sequential
13189,13301,I-20,1,sequential
13199,13285,I-85,1,sequential
13211,13297,I-20,1,sequential
13217,13247,I-20,1,sequential
13217,13297,I-20,1,sequential
13245,45003,"I-20,I-520",2,sequential
13265,13301,I-20,1,sequential
13277,13287,I-75,1,sequential
16001,16027,I-84,1,sequential
16001,16039,I-84,1,sequential
16005,16011,I-15,1,sequential
16005,16071,I-15,1,sequential
16005,16077,I-86,1,sequential
16011,16019,I-15,1,sequential
16019,16051,I-15,1,sequential
16027,16075,I-84,1,sequential
16031,16067,I-84,1,sequential
16031,16071,I-84,1,sequential
16031,16077,I-86,1,sequential
16033,16051,I-15,1,sequential
16033,30001,I-15,1,sequential
16039,16047,I-84,1,sequential
16047,16053,I-84,1,sequential
16053,16067,I-84,1,sequential
16055,16079,I-90,1,sequential
16055,53063,I-90,1,sequential
16071,49003,"I-15,I-84",2,sequential
16075,41045,I-84,1,sequential
16079,30061,I-90,1,sequential
17001,17149,I-172,1,sequential
17003,17153,I-57,1,sequential
17003,29133,I-57,1,sequential
17005,17051,I-70,1,sequential
17005,17119,"I-270,I-70",2,sequential
17007,17111,I-90,1,sequential
17007,17201,I-90,1,sequential
17011,17073,I-80,1,sequential
17011,17099,I-80,1,sequential
17011,17155,I-180,1,sequential
17019,17041,I-57,1,sequential
17019,17053,I-57,1,sequential
17019,17147,"I-72,I-74",2,sequential
17019,17183,I-74,1,sequential
17023,17035,I-70,1,sequential
17023,18167,I-70,1,sequential
17025,17049,I-57,1,sequential
17025,17051,I-57,1,sequential
17027,17163,I-64,1,sequential
17027,17189,I-64,1,sequential
17029,17035,I-57,1,sequential
17029,17041,I-57,1,sequential
17031,17043,"I-290,I-294,I-55,I-88",4,sequential
17031,17089,I-90,1,sequential
17031,17097,"I-294,I-94",2,sequential
17031,17197,"I-355,I-57,I-80",3,sequential
17031,18089,"I-80,I-90,I-94",3,sequential
17035,17049,I-70,1,sequential
17035,17173,I-57,1,sequential
17037,17089,I-88,1,sequential
17037,17141,I-88,1,sequential
17039,17113,I-74,1,sequential
17039,17147,I-74,1,sequential
17043,17089,I-88,1,sequential
17043,17197,"I-355,I-55",2,sequential
17049,17051,I-70,1,sequential
17049,17173,I-57,1,sequential
17051,17121,I-57,1,sequential
17053,17075,I-57,1,sequential
17055,17081,I-57,1,sequential
17055,17199,I-57,1,sequential
17063,17093,I-80,1,sequential
17063,17099,I-80,1,sequential
17063,17105,I-55,1,sequential
17063,17197,"I-55,I-80",2,sequential
17073,17095,I-74,1,sequential
17073,17161,"I-280,I-74,I-80",3,sequential
17075,17091,I-57,1,sequential
17081,17121,I-57,1,sequential
17081,17189,I-64,1,sequential
17081,17191,I-64,1,sequential
17087,17127,I-24,1,sequential
17087,17181,I-57,1,sequential
17087,17199,"I-24,I-57",2,sequential
17089,17111,I-90,1,sequential
17091,17197,I-57,1,sequential
17095,17143,I-74,1,sequential
17097,55059,"I-41,I-94",2,sequential
17099,17103,I-39,1,sequential
17099,17123,I-39,1,sequential
17103,17141,"I-39,I-88",2,sequential
17103,17195,I-88,1,sequential
17105,17113,I-55,1,sequential
17107,17113,I-55,1,sequential
17107,17167,I-55,1,sequential
17107,17179,I-155,1,sequential
17113,17203,"I-39,I-74",2,sequential
17115,17147,I-72,1,sequential
17115,17167,I-72,1,sequential
17117,17119,I-55,1,sequential
17117,17135,I-55,1,sequential
17119,17163,"I-255,I-55,I-70",3,sequential
17119,29510,I-270,1,sequential
17123,17203,I-39,1,sequential
17127,21145,I-24,1,sequential
17133,17163,I-255,1,sequential
17133,29189,I-255,1,sequential
17135,17167,I-55,1,sequential
17137,17167,I-72,1,sequential
17137,17171,I-72,1,sequential
17141,17201,I-39,1,sequential
17143,17179,"I-474,I-74",2,sequential
17149,17171,I-72,1,sequential
17149,29127,I-72,1,sequential
17153,17181,I-57,1,sequential
17161,17195,I-88,1,sequential
17161,19163,"I-280,I-74,I-80",3,sequential
17163,29510,"I-55,I-64,I-70",3,sequential
17179,17203,I-74,1,sequential
17183,18165,I-74,1,sequential
17191,17193,I-64,1,sequential
17193,18129,I-64,1,sequential
17201,55105,"I-39,I-90",2,sequential
18003,18033,I-69,1,sequential
18003,18179,I-69,1,sequential
18005,18071,I-65,1,sequential
18005,18145,I-65,1,sequential
18011,18023,I-65,1,sequential
18011,18063,"I-65,I-74",2,sequential
18011,18097,I-465,1,sequential
18011,18107,I-74,1,sequential
18019,18043,I-265,1,sequential
18019,18143,I-65,1,sequential
18019,21111,"I-265,I-65",2,sequential
18021,18133,I-70,1,sequential
18021,18167,I-70,1,sequential
18023,18157,I-65,1,sequential
18025,18061,I-64,1,sequential
18025,18123,I-64,1,sequential
18027,18055,I-69,1,sequential
18027,18125,I-69,1,sequential
18029,18137,I-74,1,sequential
18029,21015,I-275,1,sequential
18029,39061,"I-275,I-74",2,sequential
18031,18047,I-74,1,sequential
18031,18139,I-74,1,sequential
18033,18151,I-69,1,sequential
18035,18053,I-69,1,sequential
18035,18095,I-69,1,sequential
18037,18123,I-64,1,sequential
18037,18147,I-64,1,sequential
18039,18087,"I-80,I-90",2,sequential
18039,18141,"I-80,I-90",2,sequential
18043,18061,I-64,1,sequential
18043,21111,I-64,1,sequential
18045,18107,I-74,1,sequential
18045,18165,I-74,1,sequential
18047,18137,I-74,1,sequential
18051,18125,I-69,1,sequential
18051,18163,"I-64,I-69",2,sequential
18051,18173,I-64,1,sequential
18053,18069,I-69,1,sequential
18055,18105,I-69,1,sequential
18057,18095,I-69,1,sequential
18057,18097,"I-465,I-69",2,sequential
18059,18065,I-70,1,sequential
18059,18097,I-70,1,sequential
18063,18097,"I-65,I-70,I-74",3,sequential
18063,18109,I-70,1,sequential
18065,18177,I-70,1,sequential
18069,18179,I-69,1,sequential
18071,18143,I-65,1,sequential
18073,18111,I-65,1,sequential
18073,18181,I-65,1,sequential
18081,18097,I-65,1,sequential
18081,18145,I-65,1,sequential
18087,18151,"I-80,I-90",2,sequential
18089,18111,I-65,1,sequential
18089,18127,"I-80,I-90,I-94",3,sequential
18091,18127,"I-80,I-90,I-94",3,sequential
18091,18141,"I-80,I-90",2,sequential
18091,26021,I-94,1,sequential
18097,18145,I-74,1,sequential
18109,18133,I-70,1,sequential
18129,18163,I-64,1,sequential
18139,18145,I-74,1,sequential
18147,18173,I-64,1,sequential
18151,26023,I-69,1,sequential
18151,39171,"I-80,I-90",2,sequential
18157,18181,I-65,1,sequential
18163,18173,I-69,1,sequential
18177,39135,I-70,1,sequential
19001,19029,I-80,1,sequential
19001,19121,I-80,1,sequential
19011,19019,I-380,1,sequential
19011,19113,I-380,1,sequential
19013,19019,I-380,1,sequential
19029,19155,I-80,1,sequential
19031,19103,I-80,1,sequential
19031,19163,I-80,1,sequential
19033,19069,I-35,1,sequential
19033,19195,I-35,1,sequential
19039,19053,I-35,1,sequential
19039,19181,I-35,1,sequential
19049,19121,I-80,1,sequential
19049,19153,I-80,1,sequential
19053,29081,I-35,1,sequential
19069,19197,I-35,1,sequential
19071,19129,I-29,1,sequential
19071,29005,I-29,1,sequential
19079,19169,I-35,1,sequential
19079,19197,I-35,1,sequential
19085,19133,I-29,1,sequential
19085,19155,I-29,1,sequential
19095,19103,I-80,1,sequential
19095,19157,I-80,1,sequential
19099,19153,I-80,1,sequential
19099,19157,I-80,1,sequential
19103,19113,I-380,1,sequential
19129,19155,I-29,1,sequential
19133,19193,I-29,1,sequential
19153,19169,I-35,1,sequential
19153,19181,I-35,1,sequential
19155,31055,"I-480,I-680,I-80",3,sequential
19193,31043,I-129,1,sequential
19193,46127,I-29,1,sequential
19195,27047,I-35,1,sequential
20015,20017,I-35,1,sequential
20015,20173,I-35,1,sequential
20017,20111,I-35,1,sequential
20031,20111,I-35,1,sequential
20031,20139,I-35,1,sequential
20041,20061,I-70,1,sequential
20041,20169,I-70,1,sequential
20045,20103,I-70,1,sequential
20045,20177,I-70,1,sequential
20051,20167,I-70,1,sequential
20051,20195,I-70,1,sequential
20053,20105,I-70,1,sequential
20053,20167,I-70,1,sequential
20059,20121,I-35,1,sequential
20059,20139,I-35,1,sequential
20061,20161,I-70,1,sequential
20063,20109,I-70,1,sequential
20063,20195,I-70,1,sequential
20079,20113,I-135,1,sequential
20079,20173,I-135,1,sequential
20091,20121,I-35,1,sequential
20091,20209,"I-35,I-435,I-635",3,sequential
20091,29095,I-435,1,sequential
20103,20209,I-70,1,sequential
20105,20169,I-70,1,sequential
20109,20193,I-70,1,sequential
20111,20197,I-335,1,sequential
20113,20169,I-135,1,sequential
20139,20177,I-335,1,sequential
20139,20197,I-335,1,sequential
20161,20197,I-70,1,sequential
20173,20191,I-35,1,sequential
20177,20197,I-70,1,sequential
20181,20193,I-70,1,sequential
20191,40071,I-35,1,sequential
20209,29095,"I-35,I-670,I-70",3,sequential
20209,29165,"I-435,I-635",2,sequential
21009,21061,I-65,1,sequential
21009,21099,I-65,1,sequential
21009,21227,I-65,1,sequential
21011,21173,I-64,1,sequential
21011,21205,I-64,1,sequential
21015,21077,I-71,1,sequential
21015,21117,"I-275,I-71,I-75",3,sequential
21019,21043,I-64,1,sequential
21019,54099,I-64,1,sequential
21029,21093,I-65,1,sequential
21029,21111,I-65,1,sequential
21033,21107,I-69,1,sequential
21033,21143,"I-24,I-69",2,sequential
21033,21221,I-24,1,sequential
21037,21117,I-275,1,sequential
21037,39061,"I-275,I-471",2,sequential
21041,21077,I-71,1,sequential
21041,21223,I-71,1,sequential
21043,21205,I-64,1,sequential
21047,21221,I-24,1,sequential
21047,47125,I-24,1,sequential
21049,21067,I-64,1,sequential
21049,21173,I-64,1,sequential
21067,21151,I-75,1,sequential
21067,21209,"I-64,I-75",2,sequential
21073,21211,I-64,1,sequential
21073,21239,I-64,1,sequential
21081,21117,I-75,1,sequential
21081,21187,I-75,1,sequential
21081,21209,I-75,1,sequential
21083,21157,I-69,1,sequential
21093,21123,I-65,1,sequential
21099,21123,I-65,1,sequential
21101,21233,I-69,1,sequential
21103,21185,I-71,1,sequential
21103,21223,I-71,1,sequential
21107,21233,I-69,1,sequential
21111,21185,I-71,1,sequential
21111,21211,I-64,1,sequential
21117,39061,"I-71,I-75",2,sequential
21125,21203,I-75,1,sequential
21125,21235,I-75,1,sequential
21139,21143,"I-24,I-69",2,sequential
21139,21157,"I-24,I-69",2,sequential
21145,21157,I-24,1,sequential
21151,21203,I-75,1,sequential
21187,21209,I-75,1,sequential
21209,21239,I-64,1,sequential
21213,21227,I-65,1,sequential
21213,47147,I-65,1,sequential
21235,47013,I-75,1,sequential
22001,22053,I-10,1,sequential
22001,22055,I-10,1,sequential
22005,22033,I-10,1,sequential
22005,22093,I-10,1,sequential
22009,22039,I-49,1,sequential
22013,22061,I-20,1,sequential
22013,22119,I-20,1,sequential
22015,22017,"I-20,I-220",2,sequential
22015,22119,I-20,1,sequential
22017,22031,I-49,1,sequential
22017,48203,I-20,1,sequential
22019,22053,I-10,1,sequential
22019,48361,I-10,1,sequential
22031,22069,I-49,1,sequential
22033,22063,I-12,1,sequential
22033,22121,I-10,1,sequential
22039,22079,I-49,1,sequential
22039,22097,I-49,1,sequential
22047,22099,I-10,1,sequential
22047,22121,I-10,1,sequential
22051,22071,I-10,1,sequential
22051,22089,I-10,1,sequential
22055,22097,I-49,1,sequential
22055,22099,I-10,1,sequential
22061,22073,I-20,1,sequential
22063,22105,I-12,1,sequential
22065,22083,I-20,1,sequential
22065,28149,I-20,1,sequential
22069,22079,I-49,1,sequential
22071,22103,I-10,1,sequential
22073,22083,I-20,1,sequential
22089,22095,I-10,1,sequential
22093,22095,I-10,1,sequential
22095,22105,I-55,1,sequential
22103,22105,I-12,1,sequential
22103,28045,I-10,1,sequential
22103,28109,I-59,1,sequential
22105,28113,I-55,1,sequential
23001,23005,I-95,1,sequential
23001,23011,I-95,1,sequential
23003,23019,I-95,1,sequential
23005,23023,I-295,1,sequential
23005,23031,I-95,1,sequential
23011,23023,I-295,1,sequential
23011,23025,I-95,1,sequential
23011,23027,I-95,1,sequential
23019,23025,I-95,1,sequential
23025,23027,I-95,1,sequential
23031,33015,I-95,1,sequential
24001,24023,I-68,1,sequential
24001,24043,I-68,1,sequential
24003,24005,"I-195,I-695,I-895",3,sequential
24003,24033,I-595,1,sequential
24003,24510,"I-695,I-895",2,sequential
24005,24025,I-95,1,sequential
24005,24027,"I-70,I-895,I-95",3,sequential
24005,24510,"I-70,I-83,I-895,I-95",4,sequential
24005,42133,I-83,1,sequential
24013,24021,I-70,1,sequential
24013,24027,I-70,1,sequential
24015,24025,I-95,1,sequential
24021,24031,I-270,1,sequential
24021,24043,I-70,1,sequential
24023,54077,I-68,1,sequential
24027,24033,I-95,1,sequential
24031,24033,I-495,1,sequential
24031,51059,I-495,1,sequential
24043,42055,I-81,1,sequential
24043,42057,I-70,1,sequential
24043,54003,I-81,1,sequential
25003,25013,I-90,1,sequential
25003,36021,I-90,1,sequential
25005,25021,"I-495,I-95",2,sequential
25005,25023,"I-195,I-495",2,sequential
25005,44007,"I-195,I-295,I-95",3,sequential
25009,25017,"I-495,I-93,I-95",3,sequential
25009,33015,"I-93,I-95",2,sequential
25011,25015,I-91,1,sequential
25011,50025,I-91,1,sequential
25013,25015,I-91,1,sequential
25013,25027,"I-84,I-90",2,sequential
25017,25021,I-95,1,sequential
25017,25025,"I-90,I-93",2,sequential
25017,25027,"I-290,I-495,I-90",3,sequential
25021,25025,"I-90,I-93",2,sequential
25021,25027,I-495,1,sequential
26005,26139,I-196,1,sequential
26005,26159,I-196,1,sequential
26011,26017,I-75,1,sequential
26011,26129,I-75,1,sequential
26017,26145,I-75,1,sequential
26021,26159,"I-196,I-94",2,sequential
26023,26025,I-69,1,sequential
26025,26045,I-69,1,sequential
26025,26075,I-94,1,sequential
26025,26077,I-94,1,sequential
26031,26047,I-75,1,sequential
26031,26097,I-75,1,sequential
26031,26137,I-75,1,sequential
26033,26097,I-75,1,sequential
26037,26045,"I-69,I-96",2,sequential
26037,26067,I-96,1,sequential
26037,26155,I-69,1,sequential
26039,26137,I-75,1,sequential
26039,26143,I-75,1,sequential
26045,26065,"I-496,I-96",2,sequential
26049,26087,I-69,1,sequential
26049,26125,I-75,1,sequential
26049,26145,I-75,1,sequential
26049,26155,I-69,1,sequential
26065,26093,I-96,1,sequential
26067,26081,I-96,1,sequential
26075,26161,I-94,1,sequential
26077,26159,I-94,1,sequential
26081,26139,"I-196,I-96",2,sequential
26087,26147,I-69,1,sequential
26093,26125,I-96,1,sequential
26099,26125,I-696,1,sequential
26099,26147,I-94,1,sequential
26099,26163,I-94,1,sequential
26115,26163,"I-275,I-75",2,sequential
26115,39095,I-75,1,sequential
26121,26139,I-96,1,sequential
26125,26163,"I-275,I-75,I-96",3,sequential
26129,26143,I-75,1,sequential
26161,26163,I-94,1,sequential
27003,27053,I-694,1,sequential
27003,27123,"I-35,I-694",2,sequential
27003,27163,I-35,1,sequential
27017,27115,I-35,1,sequential
27017,27137,I-35,1,sequential
27025,27115,I-35,1,sequential
27025,27163,I-35,1,sequential
27027,27167,I-94,1,sequential
27027,38017,I-94,1,sequential
27037,27053,"I-35,I-494",2,sequential
27037,27123,I-35,1,sequential
27037,27139,I-35,1,sequential
27037,27163,I-494,1,sequential
27041,27051,I-94,1,sequential
27041,27153,I-94,1,sequential
27043,27047,I-90,1,sequential
27043,27091,I-90,1,sequential
27047,27099,I-90,1,sequential
27047,27147,I-35,1,sequential
27051,27111,I-94,1,sequential
27053,27123,"I-35,I-94",2,sequential
27053,27171,I-94,1,sequential
27063,27091,I-90,1,sequential
27063,27105,I-90,1,sequential
27099,27109,I-90,1,sequential
27105,27133,I-90,1,sequential
27109,27169,I-90,1,sequential
27111,27167,I-94,1,sequential
27123,27163,"I-494,I-694,I-94",3,sequential
27131,27139,I-35,1,sequential
27131,27147,I-35,1,sequential
27133,46099,I-90,1,sequential
27137,55031,I-535,1,sequential
27145,27153,I-94,1,sequential
27145,27171,I-94,1,sequential
27163,55109,I-94,1,sequential
27169,55063,I-90,1,sequential
28009,28093,I-22,1,sequential
28009,28145,I-22,1,sequential
28015,28043,I-55,1,sequential
28015,28051,I-55,1,sequential
28015,28097,I-55,1,sequential
28023,28061,I-59,1,sequential
28023,28075,I-59,1,sequential
28029,28049,I-55,1,sequential
28029,28085,I-55,1,sequential
28033,28093,"I-22,I-269",2,sequential
28033,28137,I-55,1,sequential
28033,47157,I-55,1,sequential
28035,28067,I-59,1,sequential
28035,28073,I-59,1,sequential
28043,28161,I-55,1,sequential
28045,28047,I-10,1,sequential
28047,28059,I-10,1,sequential
28049,28089,"I-220,I-55",2,sequential
28049,28121,"I-20,I-55",2,sequential
28049,28149,I-20,1,sequential
28051,28163,I-55,1,sequential
28057,28081,I-22,1,sequential
28061,28067,I-59,1,sequential
28073,28109,I-59,1,sequential
28075,28101,I-20,1,sequential
28081,28115,I-22,1,sequential
28085,28113,I-55,1,sequential
28089,28163,I-55,1,sequential
28093,47047,I-269,1,sequential
28101,28123,I-20,1,sequential
28107,28137,I-55,1,sequential
28107,28161,I-55,1,sequential
28115,28145,I-22,1,sequential
28121,28123,I-20,1,sequential
29003,29021,"I-229,I-29",2,sequential
29003,29087,I-29,1,sequential
29005,29087,I-29,1,sequential
29011,29097,I-49,1,sequential
29011,29217,I-49,1,sequential
29013,29037,I-49,1,sequential
29013,29217,I-49,1,sequential
29019,29027,I-70,1,sequential
29019,29053,I-70,1,sequential
29021,29165,I-29,1,sequential
29025,29061,I-35,1,sequential
29025,29063,I-35,1,sequential
29027,29139,I-70,1,sequential
29031,29157,I-55,1,sequential
29031,29201,I-55,1,sequential
29037,29095,I-49,1,sequential
29047,29049,I-35,1,sequential
29047,29095,"I-29,I-35,I-435",3,sequential
29047,29165,"I-29,I-435",2,sequential
29049,29063,I-35,1,sequential
29053,29195,I-70,1,sequential
29055,29071,I-44,1,sequential
29055,29161,I-44,1,sequential
29061,29081,I-35,1,sequential
29071,29189,I-44,1,sequential
29077,29109,I-44,1,sequential
29077,29225,I-44,1,sequential
29095,29107,I-70,1,sequential
29097,29109,I-44,1,sequential
29097,29145,"I-44,I-49",2,sequential
29099,29186,I-55,1,sequential
29099,29189,I-55,1,sequential
29105,29169,I-44,1,sequential
29105,29225,I-44,1,sequential
29107,29195,I-70,1,sequential
29119,29145,I-49,1,sequential
29133,29201,I-57,1,sequential
29139,29219,I-70,1,sequential
29143,29155,I-55,1,sequential
29143,29201,I-55,1,sequential
29145,40115,I-44,1,sequential
29155,47045,I-155,1,sequential
29157,29186,I-55,1,sequential
29161,29169,I-44,1,sequential
29183,29189,"I-64,I-70",2,sequential
29183,29219,I-70,1,sequential
29189,29510,"I-270,I-44,I-55,I-64,I-70",5,sequential
30001,30057,I-15,1,sequential
30003,30111,I-90,1,sequential
30003,56033,I-90,1,sequential
30007,30031,I-90,1,sequential
30007,30043,I-90,1,sequential
30013,30049,I-15,1,sequential
30013,30099,I-15,1,sequential
30017,30079,I-94,1,sequential
30017,30087,I-94,1,sequential
30021,30079,I-94,1,sequential
30021,30109,I-94,1,sequential
30023,30077,I-90,1,sequential
30023,30093,I-90,1,sequential
30031,30067,I-90,1,sequential
30039,30063,I-90,1,sequential
30039,30077,I-90,1,sequential
30043,30049,I-15,1,sequential
30043,30093,"I-15,I-90",2,sequential
30057,30093,I-15,1,sequential
30061,30063,I-90,1,sequential
30067,30097,I-90,1,sequential
30073,30099,I-15,1,sequential
30073,30101,I-15,1,sequential
30087,30103,I-94,1,sequential
30095,30097,I-90,1,sequential
30095,30111,I-90,1,sequential
30103,30111,I-94,1,sequential
30109,38033,I-94,1,sequential
31019,31047,I-80,1,sequential
31019,31079,I-80,1,sequential
31025,31109,I-80,1,sequential
31025,31153,I-80,1,sequential
31033,31049,I-80,1,sequential
31033,31105,I-80,1,sequential
31047,31111,I-80,1,sequential
31049,31101,I-80,1,sequential
31055,31153,I-80,1,sequential
31079,31081,I-80,1,sequential
31081,31185,I-80,1,sequential
31101,31111,I-80,1,sequential
31105,56021,I-80,1,sequential
31109,31159,I-80,1,sequential
31159,31185,I-80,1,sequential
32001,32019,I-80,1,sequential
32001,32027,I-80,1,sequential
32007,32011,I-80,1,sequential
32007,49045,I-80,1,sequential
32011,32015,I-80,1,sequential
32013,32015,I-80,1,sequential
32013,32027,I-80,1,sequential
32019,32029,I-80,1,sequential
32029,32031,I-80,1,sequential
32031,32510,I-580,1,sequential
33001,33009,I-93,1,sequential
33001,33013,I-93,1,sequential
33009,33019,I-89,1,sequential
33009,50005,I-93,1,sequential
33009,50027,I-89,1,sequential
33011,33013,"I-293,I-93",2,sequential
33011,33015,I-93,1,sequential
33013,33019,I-89,1,sequential
34003,34017,I-95,1,sequential
34003,34031,"I-287,I-80",2,sequential
34003,36061,I-95,1,sequential
34003,36087,I-287,1,sequential
34005,34007,I-295,1,sequential
34005,34021,"I-295,I-95",2,sequential
34005,42017,I-95,1,sequential
34007,34015,I-295,1,sequential
34007,42101,"I-676,I-76",2,sequential
34013,34017,"I-280,I-78,I-95",3,sequential
34013,34027,"I-280,I-80",2,sequential
34013,34031,I-80,1,sequential
34013,34039,"I-78,I-95",2,sequential
34015,34033,I-295,1,sequential
34017,36061,I-78,1,sequential
34019,34035,I-78,1,sequential
34019,34041,I-78,1,sequential
34021,34023,I-95,1,sequential
34021,34025,I-195,1,sequential
34021,42017,I-295,1,sequential
34023,34035,I-287,1,sequential
34023,34039,I-95,1,sequential
34025,34029,I-195,1,sequential
34027,34031,I-287,1,sequential
34027,34035,I-287,1,sequential
34027,34037,I-80,1,sequential
34035,34039,I-78,1,sequential
34037,34041,I-80,1,sequential
34039,36085,I-278,1,sequential
34041,42089,I-80,1,sequential
34041,42095,I-78,1,sequential
35001,35006,I-40,1,sequential
35001,35043,I-25,1,sequential
35001,35049,I-40,1,sequential
35001,35061,I-25,1,sequential
35006,35031,I-40,1,sequential
35007,35033,I-25,1,sequential
35013,35029,I-10,1,sequential
35013,35051,I-25,1,sequential
35013,48141,I-10,1,sequential
35017,35023,I-10,1,sequential
35017,35029,I-10,1,sequential
35019,35037,I-40,1,sequential
35019,35057,I-40,1,sequential
35033,35047,I-25,1,sequential
35037,48117,I-40,1,sequential
35043,35049,I-25,1,sequential
35047,35049,I-25,1,sequential
35049,35057,I-40,1,sequential
35051,35053,I-25,1,sequential
35053,35061,I-25,1,sequential
36001,36039,I-87,1,sequential
36001,36083,I-90,1,sequential
36001,36091,I-87,1,sequential
36001,36093,"I-890,I-90",2,sequential
36003,36009,I-86,1,sequential
36003,36101,I-86,1,sequential
36005,36061,"I-278,I-95",2,sequential
36005,36081,"I-295,I-678",2,sequential
36005,36119,"I-87,I-95",2,sequential
36007,36017,I-88,1,sequential
36007,36023,I-81,1,sequential
36007,36107,I-86,1,sequential
36007,42115,I-81,1,sequential
36009,36013,I-86,1,sequential
36011,36067,I-90,1,sequential
36011,36099,I-90,1,sequential
36013,36029,I-90,1,sequential
36013,42049,"I-86,I-90",2,sequential
36015,36101,I-86,1,sequential
36015,36107,I-86,1,sequential
36017,36025,I-88,1,sequential
36019,36031,I-87,1,sequential
36021,36083,I-90,1,sequential
36023,36067,I-81,1,sequential
36025,36077,I-88,1,sequential
36027,36071,I-84,1,sequential
36027,36079,I-84,1,sequential
36029,36037,I-90,1,sequential
36029,36063,I-190,1,sequential
36031,36113,I-87,1,sequential
36037,36055,"I-490,I-90",2,sequential
36039,36111,I-87,1,sequential
36043,36057,I-90,1,sequential
36043,36065,I-90,1,sequential
36045,36075,I-81,1,sequential
36047,36061,I-478,1,sequential
36047,36081,I-278,1,sequential
36047,36085,I-278,1,sequential
36051,36055,I-390,1,sequential
36051,36101,I-390,1,sequential
36053,36065,I-90,1,sequential
36053,36067,I-90,1,sequential
36055,36069,"I-490,I-90",2,sequential
36057,36093,I-90,1,sequential
36059,36081,I-495,1,sequential
36059,36103,I-495,1,sequential
36061,36081,"I-278,I-495",2,sequential
36067,36075,I-81,1,sequential
36069,36099,I-90,1,sequential
36071,36087,I-87,1,sequential
36071,36105,I-86,1,sequential
36071,36111,I-87,1,sequential
36071,42103,I-84,1,sequential
36077,36095,I-88,1,sequential
36079,36119,I-684,1,sequential
36087,36119,"I-287,I-87",2,sequential
36091,36113,I-87,1,sequential
36093,36095,I-88,1,sequential
36101,42117,I-99,1,sequential
36107,42015,I-86,1,sequential
37001,37081,"I-40,I-85",2,sequential
37001,37135,"I-40,I-85",2,sequential
37019,37129,I-140,1,sequential
37021,37087,I-40,1,sequential
37021,37089,I-26,1,sequential
37021,37111,I-40,1,sequential
37021,37115,I-26,1,sequential
37023,37035,I-40,1,sequential
37023,37111,I-40,1,sequential
37025,37119,I-85,1,sequential
37025,37159,I-85,1,sequential
37035,37097,I-40,1,sequential
37045,37071,I-85,1,sequential
37045,45021,I-85,1,sequential
37051,37085,I-95,1,sequential
37051,37155,I-95,1,sequential
37057,37067,I-285,1,sequential
37057,37151,I-85,1,sequential
37057,37159,I-85,1,sequential
37059,37067,I-40,1,sequential
37059,37097,I-40,1,sequential
37061,37141,I-40,1,sequential
37061,37163,I-40,1,sequential
37063,37077,I-85,1,sequential
37063,37135,"I-40,I-85",2,sequential
37063,37183,"I-40,I-540",2,sequential
37067,37081,"I-40,I-74",2,sequential
37071,37119,I-85,1,sequential
37077,37181,I-85,1,sequential
37081,37151,"I-73,I-74,I-85",3,sequential
37083,37127,I-95,1,sequential
37083,37131,I-95,1,sequential
37085,37101,I-95,1,sequential
37087,47029,I-40,1,sequential
37089,37149,I-26,1,sequential
37097,37119,I-77,1,sequential
37097,37197,I-77,1,sequential
37101,37163,I-40,1,sequential
37101,37183,I-40,1,sequential
37101,37195,I-95,1,sequential
37115,47171,I-26,1,sequential
37119,45091,I-77,1,sequential
37123,37151,"I-73,I-74",2,sequential
37123,37153,I-73,1,sequential
37127,37195,I-95,1,sequential
37129,37141,I-40,1,sequential
37131,51081,I-95,1,sequential
37149,45083,I-26,1,sequential
37155,37165,I-74,1,sequential
37155,45033,I-95,1,sequential
37171,37197,I-77,1,sequential
37171,51035,I-77,1,sequential
37181,37185,I-85,1,sequential
37185,51117,I-85,1,sequential
37191,37195,I-795,1,sequential
38003,38017,I-94,1,sequential
38003,38093,I-94,1,sequential
38007,38033,I-94,1,sequential
38007,38089,I-94,1,sequential
38015,38043,I-94,1,sequential
38015,38059,I-94,1,sequential
38017,38077,I-29,1,sequential
38017,38097,I-29,1,sequential
38035,38097,I-29,1,sequential
38035,38099,I-29,1,sequential
38043,38093,I-94,1,sequential
38059,38089,I-94,1,sequential
38067,38099,I-29,1,sequential
38077,46109,I-29,1,sequential
39003,39011,I-75,1,sequential
39003,39063,I-75,1,sequential
39005,39139,I-71,1,sequential
39005,39169,I-71,1,sequential
39007,39085,I-90,1,sequential
39007,42049,I-90,1,sequential
39011,39149,I-75,1,sequential
39013,39059,I-70,1,sequential
39013,54069,"I-470,I-70",2,sequential
39017,39061,I-75,1,sequential
39017,39165,I-75,1,sequential
39023,39057,I-675,1,sequential
39023,39097,I-70,1,sequential
39023,39113,I-70,1,sequential
39025,39061,I-275,1,sequential
39027,39057,I-71,1,sequential
39027,39165,I-71,1,sequential
39035,39085,"I-271,I-90",2,sequential
39035,39093,"I-480,I-80,I-90",3,sequential
39035,39103,I-71,1,sequential
39035,39153,"I-271,I-480,I-77,I-80",4,sequential
39041,39049,I-71,1,sequential
39041,39117,I-71,1,sequential
39043,39093,"I-80,I-90",2,sequential
39043,39143,"I-80,I-90",2,sequential
39045,39049,I-70,1,sequential
39045,39089,I-70,1,sequential
39047,39057,I-71,1,sequential
39047,39097,I-71,1,sequential
39049,39097,I-70,1,sequential
39049,39129,I-71,1,sequential
39051,39095,"I-80,I-90",2,sequential
39051,39171,"I-80,I-90",2,sequential
39057,39113,I-675,1,sequential
39059,39119,I-70,1,sequential
39059,39121,I-77,1,sequential
39059,39157,I-77,1,sequential
39061,39165,I-71,1,sequential
39063,39173,I-75,1,sequential
39089,39119,I-70,1,sequential
39095,39173,"I-280,I-475,I-75,I-80,I-90",5,sequential
39097,39129,I-71,1,sequential
39099,39133,I-76,1,sequential
39099,39155,I-80,1,sequential
39099,42073,I-76,1,sequential
39103,39153,"I-271,I-76",2,sequential
39103,39169,I-71,1,sequential
39109,39113,I-75,1,sequential
39109,39149,I-75,1,sequential
39113,39135,I-70,1,sequential
39113,39165,I-75,1,sequential
39117,39139,I-71,1,sequential
39121,39167,I-77,1,sequential
39123,39143,"I-80,I-90",2,sequential
39123,39173,"I-80,I-90",2,sequential
39133,39153,"I-480,I-76,I-80",3,sequential
39133,39155,I-80,1,sequential
39151,39153,I-77,1,sequential
39151,39157,I-77,1,sequential
39155,42085,I-80,1,sequential
39167,54107,I-77,1,sequential
40009,40149,I-40,1,sequential
40009,48483,I-40,1,sequential
40015,40017,I-40,1,sequential
40015,40031,I-44,1,sequential
40015,40039,I-40,1,sequential
40015,40051,I-44,1,sequential
40017,40109,I-40,1,sequential
40019,40085,I-35,1,sequential
40019,40099,I-35,1,sequential
40027,40087,"I-35,I-44",2,sequential
40027,40109,"I-35,I-44",2,sequential
40031,40033,I-44,1,sequential
40033,48485,I-44,1,sequential
40035,40097,I-44,1,sequential
40035,40115,I-44,1,sequential
40037,40081,I-44,1,sequential
40037,40143,I-44,1,sequential
40039,40149,I-40,1,sequential
40049,40087,I-35,1,sequential
40049,40099,I-35,1,sequential
40051,40087,I-44,1,sequential
40071,40103,I-35,1,sequential
40081,40109,I-44,1,sequential
40083,40109,I-35,1,sequential
40083,40119,I-35,1,sequential
40085,48097,I-35,1,sequential
40091,40101,I-40,1,sequential
40091,40111,I-40,1,sequential
40097,40131,I-44,1,sequential
40101,40135,I-40,1,sequential
40103,40119,I-35,1,sequential
40107,40111,I-40,1,sequential
40107,40133,I-40,1,sequential
40109,40125,I-40,1,sequential
40125,40133,I-40,1,sequential
40131,40143,I-44,1,sequential
40131,40145,I-44,1,sequential
40143,40145,I-44,1,sequential
41001,41045,I-84,1,sequential
41001,41061,I-84,1,sequential
41005,41047,I-5,1,sequential
41005,41051,I-205,1,sequential
41005,41067,"I-205,I-5",2,sequential
41019,41033,I-5,1,sequential
41019,41039,I-5,1,sequential
41021,41049,I-84,1,sequential
41021,41055,I-84,1,sequential
41027,41051,I-84,1,sequential
41027,41065,I-84,1,sequential
41029,41033,I-5,1,sequential
41039,41043,I-5,1,sequential
41043,41047,I-5,1,sequential
41049,41059,I-84,1,sequential
41051,41067,I-5,1,sequential
41051,53011,"I-205,I-5",2,sequential
41055,41065,I-84,1,sequential
41059,41061,I-84,1,sequential
41059,53005,I-82,1,sequential
42003,42007,I-376,1,sequential
42003,42019,"I-76,I-79",2,sequential
42003,42125,I-79,1,sequential
42003,42129,I-76,1,sequential
42007,42019,I-76,1,sequential
42007,42073,"I-376,I-76",2,sequential
42009,42013,I-99,1,sequential
42009,42057,"I-70,I-76",2,sequential
42009,42111,"I-70,I-76",2,sequential
42011,42029,I-76,1,sequential
42011,42071,I-76,1,sequential
42011,42075,I-78,1,sequential
42011,42077,I-78,1,sequential
42013,42027,I-99,1,sequential
42017,42077,I-476,1,sequential
42017,42091,"I-276,I-476",2,sequential
42017,42101,I-95,1,sequential
42019,42073,I-79,1,sequential
42019,42121,I-80,1,sequential
42025,42077,I-476,1,sequential
42025,42079,"I-476,I-80",2,sequential
42025,42089,I-80,1,sequential
42027,42033,I-80,1,sequential
42027,42035,I-80,1,sequential
42029,42091,"I-276,I-76",2,sequential
42031,42065,I-80,1,sequential
42031,42121,I-80,1,sequential
42033,42065,I-80,1,sequential
42035,42119,I-80,1,sequential
42037,42079,I-80,1,sequential
42037,42093,I-80,1,sequential
42039,42049,I-79,1,sequential
42039,42085,I-79,1,sequential
42041,42043,"I-81,I-83",2,sequential
42041,42055,"I-76,I-81",2,sequential
42041,42133,"I-76,I-83",2,sequential
42043,42075,"I-76,I-81",2,sequential
42043,42133,I-76,1,sequential
42045,42091,I-476,1,sequential
42045,42101,I-95,1,sequential
42051,42125,I-70,1,sequential
42051,42129,I-70,1,sequential
42055,42061,I-76,1,sequential
42057,42061,I-76,1,sequential
42059,42125,I-79,1,sequential
42059,54061,I-79,1,sequential
42069,42079,"I-476,I-81",2,sequential
42069,42115,I-81,1,sequential
42069,42127,"I-380,I-84",2,sequential
42071,42075,I-76,1,sequential
42073,42085,"I-376,I-79",2,sequential
42075,42107,I-81,1,sequential
42077,42095,I-78,1,sequential
42079,42107,I-81,1,sequential
42081,42097,I-180,1,sequential
42085,42121,I-80,1,sequential
42089,42127,I-380,1,sequential
42091,42101,I-76,1,sequential
42093,42097,I-80,1,sequential
42097,42119,I-80,1,sequential
42103,42127,I-84,1,sequential
42111,42129,"I-70,I-76",2,sequential
42125,42129,I-70,1,sequential
42125,54069,I-70,1,sequential
44003,44007,"I-295,I-95",2,sequential
44003,44009,I-95,1,sequential
45003,45063,I-20,1,sequential
45007,45045,I-85,1,sequential
45007,45073,I-85,1,sequential
45015,45019,"I-26,I-526",2,sequential
45015,45035,I-26,1,sequential
45017,45063,I-26,1,sequential
45017,45075,I-26,1,sequential
45021,45083,I-85,1,sequential
45023,45039,I-77,1,sequential
45023,45091,I-77,1,sequential
45027,45075,I-95,1,sequential
45027,45085,I-95,1,sequential
45029,45035,I-95,1,sequential
45029,45049,I-95,1,sequential
45031,45041,"I-20,I-95",2,sequential
45031,45061,I-20,1,sequential
45033,45069,I-95,1,sequential
45035,45075,"I-26,I-95",2,sequential
45039,45079,I-77,1,sequential
45041,45069,I-95,1,sequential
45041,45085,I-95,1,sequential
45045,45059,I-385,1,sequential
45045,45083,I-85,1,sequential
45049,45053,I-95,1,sequential
45055,45061,I-20,1,sequential
45055,45079,I-20,1,sequential
45059,45071,I-26,1,sequential
45059,45083,I-26,1,sequential
45063,45071,I-26,1,sequential
45063,45079,"I-20,I-26,I-77",3,sequential
46003,46015,I-90,1,sequential
46003,46035,I-90,1,sequential
46011,46039,I-29,1,sequential
46011,46101,I-29,1,sequential
46015,46085,I-90,1,sequential
46029,46051,I-29,1,sequential
46029,46057,I-29,1,sequential
46035,46061,I-90,1,sequential
46039,46057,I-29,1,sequential
46051,46109,I-29,1,sequential
46061,46087,I-90,1,sequential
46071,46075,I-90,1,sequential
46071,46103,I-90,1,sequential
46075,46085,I-90,1,sequential
46081,46093,I-90,1,sequential
46081,56011,I-90,1,sequential
46083,46099,"I-229,I-29",2,sequential
46083,46127,I-29,1,sequential
46087,46099,I-90,1,sequential
46093,46103,I-90,1,sequential
46099,46101,I-29,1,sequential
47001,47013,I-75,1,sequential
47001,47093,I-75,1,sequential
47003,47031,I-24,1,sequential
47003,47149,I-24,1,sequential
47005,47039,I-40,1,sequential
47005,47085,I-40,1,sequential
47009,47093,I-140,1,sequential
47011,47065,I-75,1,sequential
47011,47107,I-75,1,sequential
47017,47039,I-40,1,sequential
47017,47077,I-40,1,sequential
47019,47171,"I-181,I-26",2,sequential
47019,47179,"I-181,I-26",2,sequential
47021,47037,"I-24,I-40",2,sequential
47021,47147,I-24,1,sequential
47021,47187,I-40,1,sequential
47029,47089,I-40,1,sequential
47031,47061,I-24,1,sequential
47035,47141,I-40,1,sequential
47035,47145,I-40,1,sequential
47037,47149,I-24,1,sequential
47037,47165,I-65,1,sequential
47037,47187,I-65,1,sequential
47037,47189,I-40,1,sequential
47043,47081,"I-40,I-840",2,sequential
47043,47187,I-40,1,sequential
47047,47075,I-40,1,sequential
47047,47157,"I-269,I-40",2,sequential
47055,47117,I-65,1,sequential
47059,47063,I-81,1,sequential
47059,47179,I-81,1,sequential
47061,47115,I-24,1,sequential
47063,47089,I-81,1,sequential
47065,47115,I-24,1,sequential
47075,47113,I-40,1,sequential
47077,47113,I-40,1,sequential
47081,47085,I-40,1,sequential
47081,47187,I-840,1,sequential
47089,47155,I-40,1,sequential
47093,47105,"I-40,I-75",2,sequential
47093,47155,I-40,1,sequential
47105,47123,I-75,1,sequential
47105,47145,I-40,1,sequential
47107,47123,I-75,1,sequential
47117,47119,I-65,1,sequential
47119,47187,I-65,1,sequential
47125,47147,I-24,1,sequential
47141,47159,I-40,1,sequential
47147,47165,I-65,1,sequential
47149,47187,I-840,1,sequential
47149,47189,I-840,1,sequential
47159,47189,I-40,1,sequential
47163,47179,"I-181,I-26,I-81",3,sequential
47163,51169,"I-181,I-26",2,sequential
47163,51191,I-81,1,sequential
47163,51520,I-81,1,sequential
48013,48029,"I-35,I-37",2,sequential
48013,48297,I-37,1,sequential
48013,48325,I-35,1,sequential
48015,48089,I-10,1,sequential
48015,48473,I-10,1,sequential
48027,48099,I-14,1,sequential
48027,48145,I-35,1,sequential
48027,48491,I-35,1,sequential
48029,48187,"I-10,I-35",2,sequential
48029,48259,I-10,1,sequential
48037,48343,I-30,1,sequential
48055,48177,I-10,1,sequential
48059,48133,I-20,1,sequential
48059,48441,I-20,1,sequential
48061,48215,I-2,1,sequential
48061,48489,I-69,1,sequential
48065,48179,I-40,1,sequential
48065,48375,I-40,1,sequential
48071,48201,I-10,1,sequential
48071,48245,I-10,1,sequential
48089,48149,I-10,1,sequential
48091,48187,I-35,1,sequential
48091,48209,I-35,1,sequential
48097,48121,I-35,1,sequential
48103,48135,I-20,1,sequential
48103,48475,I-20,1,sequential
48105,48371,I-10,1,sequential
48105,48435,I-10,1,sequential
48109,48229,I-10,1,sequential
48109,48243,I-10,1,sequential
48113,48121,I-35,1,sequential
48113,48139,"I-35,I-45",2,sequential
48113,48257,I-20,1,sequential
48113,48397,I-30,1,sequential
48113,48439,"I-20,I-30,I-635",3,sequential
48117,48359,I-40,1,sequential
48121,48439,I-35,1,sequential
48129,48179,I-40,1,sequential
48133,48143,I-20,1,sequential
48135,48329,I-20,1,sequential
48139,48217,I-35,1,sequential
48139,48349,I-45,1,sequential
48141,48229,I-10,1,sequential
48143,48363,I-20,1,sequential
48145,48309,I-35,1,sequential
48149,48177,I-10,1,sequential
48157,48201,"I-10,I-69",2,sequential
48157,48473,I-10,1,sequential
48159,48223,I-30,1,sequential
48159,48449,I-30,1,sequential
48161,48289,I-45,1,sequential
48161,48349,I-45,1,sequential
48163,48283,I-35,1,sequential
48163,48325,I-35,1,sequential
48167,48201,I-45,1,sequential
48171,48265,I-10,1,sequential
48177,48187,I-10,1,sequential
48179,48483,I-40,1,sequential
48183,48203,I-20,1,sequential
48183,48423,I-20,1,sequential
48189,48303,I-27,1,sequential
48189,48437,I-27,1,sequential
48201,48339,"I-45,I-69",2,sequential
48209,48453,I-35,1,sequential
48217,48251,I-35,1,sequential
48217,48309,I-35,1,sequential
48223,48231,I-30,1,sequential
48227,48317,I-20,1,sequential
48227,48335,I-20,1,sequential
48231,48397,I-30,1,sequential
48243,48389,I-10,1,sequential
48245,48361,I-10,1,sequential
48251,48439,I-35,1,sequential
48257,48467,I-20,1,sequential
48259,48265,I-10,1,sequential
48265,48267,I-10,1,sequential
48267,48435,I-10,1,sequential
48283,48479,I-35,1,sequential
48289,48313,I-45,1,sequential
48291,48339,I-69,1,sequential
48297,48409,I-37,1,sequential
48313,48471,I-45,1,sequential
48317,48329,I-20,1,sequential
48335,48353,I-20,1,sequential
48339,48471,I-45,1,sequential
48343,48449,I-30,1,sequential
48353,48441,I-20,1,sequential
48355,48409,I-37,1,sequential
48359,48375,I-40,1,sequential
48363,48367,I-20,1,sequential
48367,48439,"I-20,I-30",2,sequential
48371,48389,I-10,1,sequential
48375,48381,I-27,1,sequential
48381,48437,I-27,1,sequential
48389,48475,I-20,1,sequential
48423,48467,I-20,1,sequential
48453,48491,I-35,1,sequential
49001,49021,I-15,1,sequential
49001,49027,I-15,1,sequential
49003,49057,"I-15,I-84",2,sequential
49011,49029,I-84,1,sequential
49011,49035,"I-15,I-215",2,sequential
49011,49057,"I-15,I-84",2,sequential
49015,49019,I-70,1,sequential
49015,49041,I-70,1,sequential
49021,49053,I-15,1,sequential
49023,49027,I-15,1,sequential
49023,49049,I-15,1,sequential
49027,49041,I-70,1,sequential
49029,49043,I-84,1,sequential
49035,49043,I-80,1,sequential
49035,49045,I-80,1,sequential
49035,49049,I-15,1,sequential
49043,56041,I-80,1,sequential
50005,50017,I-91,1,sequential
50005,50019,I-91,1,sequential
50007,50011,I-89,1,sequential
50007,50023,I-89,1,sequential
50017,50023,I-89,1,sequential
50017,50027,"I-89,I-91",2,sequential
50025,50027,I-91,1,sequential
51003,51065,I-64,1,sequential
51003,51125,I-64,1,sequential
51003,51540,I-64,1,sequential
51005,51163,I-64,1,sequential
51005,51580,I-64,1,sequential
51005,54025,I-64,1,sequential
51013,51059,I-66,1,sequential
51013,51510,I-395,1,sequential
51015,51125,I-64,1,sequential
51015,51163,"I-64,I-81",2,sequential
51015,51165,I-81,1,sequential
51015,51820,I-64,1,sequential
51021,51197,I-77,1,sequential
51021,54055,I-77,1,sequential
51023,51161,I-81,1,sequential
51023,51163,I-81,1,sequential
51025,51053,I-85,1,sequential
51025,51117,I-85,1,sequential
51033,51085,I-95,1,sequential
51033,51177,I-95,1,sequential
51035,51197,I-77,1,sequential
51041,51087,I-295,1,sequential
51041,51149,I-295,1,sequential
51041,51570,I-95,1,sequential
51041,51670,I-295,1,sequential
51041,51730,I-95,1,sequential
51041,51760,I-95,1,sequential
51053,51730,I-85,1,sequential
51059,51153,"I-66,I-95",2,sequential
51059,51510,"I-395,I-495,I-95",3,sequential
51061,51153,I-66,1,sequential
51061,51187,I-66,1,sequential
51065,51109,I-64,1,sequential
51069,51187,I-81,1,sequential
51069,51840,I-81,1,sequential
51069,54003,I-81,1,sequential
51075,51087,I-64,1,sequential
51075,51109,I-64,1,sequential
51081,51183,I-95,1,sequential
51081,51595,I-95,1,sequential
51085,51087,"I-295,I-95",2,sequential
51087,51127,I-64,1,sequential
51087,51760,"I-195,I-64,I-95",3,sequential
51095,51127,I-64,1,sequential
51095,51199,I-64,1,sequential
51121,51155,I-81,1,sequential
51121,51161,I-81,1,sequential
51121,51750,I-81,1,sequential
51149,51183,I-95,1,sequential
51149,51670,I-295,1,sequential
51149,51730,I-95,1,sequential
51153,51179,I-95,1,sequential
51155,51197,I-81,1,sequential
51161,51770,I-581,1,sequential
51161,51775,I-81,1,sequential
51165,51171,I-81,1,sequential
51165,51660,I-81,1,sequential
51171,51187,I-81,1,sequential
51173,51191,I-81,1,sequential
51173,51197,I-81,1,sequential
51177,51630,I-95,1,sequential
51179,51630,I-95,1,sequential
51191,51520,I-81,1,sequential
51199,51700,I-64,1,sequential
51550,51710,I-464,1,sequential
51550,51740,I-264,1,sequential
51550,51800,I-664,1,sequential
51550,51810,I-64,1,sequential
51650,51700,"I-64,I-664",2,sequential
51650,51710,I-64,1,sequential
51700,51800,I-664,1,sequential
51710,51740,I-264,1,sequential
51710,51810,"I-264,I-64",2,sequential
53001,53025,I-90,1,sequential
53001,53043,I-90,1,sequential
53005,53021,I-182,1,sequential
53005,53077,I-82,1,sequential
53011,53015,I-5,1,sequential
53015,53041,I-5,1,sequential
53025,53037,I-90,1,sequential
53033,53037,I-90,1,sequential
53033,53053,I-5,1,sequential
53033,53061,"I-405,I-5",2,sequential
53037,53077,I-82,1,sequential
53041,53067,I-5,1,sequential
53043,53063,I-90,1,sequential
53053,53067,I-5,1,sequential
53057,53061,I-5,1,sequential
53057,53073,I-5,1,sequential
54007,54015,I-79,1,sequential
54007,54021,I-79,1,sequential
54011,54079,I-64,1,sequential
54011,54099,I-64,1,sequential
54015,54087,I-79,1,sequential
54019,54039,"I-64,I-77",2,sequential
54019,54081,"I-64,I-77",2,sequential
54021,54041,I-79,1,sequential
54025,54089,I-64,1,sequential
54033,54041,I-79,1,sequential
54033,54049,I-79,1,sequential
54035,54039,I-77,1,sequential
54035,54107,I-77,1,sequential
54039,54079,I-64,1,sequential
54039,54087,I-79,1,sequential
54049,54061,I-79,1,sequential
54055,54081,I-77,1,sequential
54061,54077,I-68,1,sequential
54081,54089,I-64,1,sequential
55009,55071,I-43,1,sequential
55009,55087,I-41,1,sequential
55021,55025,"I-39,I-90,I-94",3,sequential
55021,55077,I-39,1,sequential
55021,55111,"I-90,I-94",2,sequential
55025,55055,I-94,1,sequential
55025,55105,"I-39,I-90",2,sequential
55027,55039,I-41,1,sequential
55027,55131,I-41,1,sequential
55033,55035,I-94,1,sequential
55033,55109,I-94,1,sequential
55035,55121,I-94,1,sequential
55039,55139,I-41,1,sequential
55053,55081,I-94,1,sequential
55053,55121,I-94,1,sequential
55055,55133,I-94,1,sequential
55057,55081,"I-90,I-94",2,sequential
55057,55111,"I-90,I-94",2,sequential
55059,55101,"I-41,I-94",2,sequential
55063,55081,I-90,1,sequential
55071,55117,I-43,1,sequential
55073,55097,I-39,1,sequential
55077,55137,I-39,1,sequential
55079,55089,I-43,1,sequential
55079,55101,"I-41,I-94",2,sequential
55079,55133,"I-41,I-43,I-94",3,sequential
55087,55139,I-41,1,sequential
55089,55117,I-43,1,sequential
55097,55137,I-39,1,sequential
55105,55127,I-43,1,sequential
55127,55133,I-43,1,sequential
55131,55133,I-41,1,sequential
56001,56007,I-80,1,sequential
56001,56021,I-80,1,sequential
56005,56011,I-90,1,sequential
56005,56019,I-90,1,sequential
56007,56037,I-80,1,sequential
56009,56025,I-25,1,sequential
56009,56031,I-25,1,sequential
56019,56025,I-25,1,sequential
56019,56033,I-90,1,sequential
56021,56031,I-25,1,sequential
56037,56041,I-80,1,sequential
