route,FIPS,county_name,state_fips
I-10,01003,Baldwin,01
I-10,01097,Mobile,01
I-10,04003,Cochise,04
I-10,04012,La Paz,04
I-10,04013,Maricopa,04
I-10,04019,Pima,04
I-10,04021,Pinal,04
I-10,06037,Los Angeles,06
I-10,06065,Riverside,06
I-10,06071,San Bernardino,06
I-10,12003,Baker,12
I-10,12023,Columbia,12
I-10,12031,Duval,12
I-10,12033,Escambia,12
I-10,12039,Gadsden,12
I-10,12059,Holmes,12
I-10,12063,Jackson,12
I-10,12065,Jefferson,12
I-10,12073,Leon,12
I-10,12079,Madison,12
I-10,12089,Nassau,12
I-10,12091,Okaloosa,12
I-10,12113,Santa Rosa,12
I-10,12121,Suwannee,12
I-10,12131,Walton,12
I-10,12133,Washington,12
I-10,22001,Acadia,22
I-10,22005,Ascension,22
I-10,22019,Calcasieu,22
I-10,22033,East Baton Rouge,22
I-10,22047,Iberville,22
I-10,22051,Jefferson,22
I-10,22053,Jefferson Davis,22
I-10,22055,Lafayette,22
I-10,22071,Orleans,22
I-10,22089,St. Charles,22
I-10,22093,St. James,22
I-10,22095,St. John the Baptist,22
I-10,22099,St. Martin,22
I-10,22103,St. Tammany,22
I-10,22121,West Baton Rouge,22
I-10,28045,Hancock,28
I-10,28047,Harrison,28
I-10,28059,Jackson,28
I-10,35013,Doña Ana,35
I-10,35017,Grant,35
I-10,35023,Hidalgo,35
I-10,35029,Luna,35
I-10,48015,Austin,48
I-10,48029,Bexar,48
I-10,48055,Caldwell,48
I-10,48071,Chambers,48
I-10,48089,Colorado,48
I-10,48105,Crockett,48
I-10,48109,Culberson,48
I-10,48141,El Paso,48
I-10,48149,Fayette,48
I-10,48157,Fort Bend,48
I-10,48171,Gillespie,48
I-10,48177,Gonzales,48
I-10,48187,Guadalupe,48
I-10,48201,Harris,48
I-10,48229,Hudspeth,48
I-10,48243,Jeff Davis,48
I-10,48245,Jefferson,48
I-10,48259,Kendall,48
I-10,48265,Kerr,48
I-10,48267,Kimble,48
I-10,48361,Orange,48
I-10,48371,Pecos,48
I-10,48389,Reeves,48
I-10,48435,Sutton,48
I-10,48473,Waller,48
I-105,06037,Los Angeles,06
I-105,41039,Lane,41
I-11,32003,Clark,32
I-110,06037,Los Angeles,06
I-110,12033,Escambia,12
I-110,22033,East Baton Rouge,22
I-110,28047,Harrison,28
I-110,48141,El Paso,48
I-115,30093,Silver Bow,30
I-12,22033,East Baton Rouge,22
I-12,22063,Livingston,22
I-12,22103,St. Tammany,22
I-12,22105,Tangipahoa,22
I-126,45079,Richland,45
I-129,19193,Woodbury,19
I-129,31043,Dakota,31
I-135,20079,Harvey,20
I-135,20113,McPherson,20
I-135,20169,Saline,20
I-135,20173,Sedgwick,20
I-14,48027,Bell,48
I-14,48099,Coryell,48
I-140,37019,Brunswick,37
I-140,37129,New Hanover,37
I-140,47009,Blount,47
I-140,47093,Knox,47
I-15,04015,Mohave,04
I-15,06065,Riverside,06
I-15,06071,San Bernardino,06
I-15,06073,San Diego,06
I-15,16005,Bannock,16
I-15,16011,Bingham,16
I-15,16019,Bonneville,16
I-15,16033,Clark,16
I-15,16051,Jefferson,16
I-15,16071,Oneida,16
I-15,30001,Beaverhead,30
I-15,30013,Cascade,30
I-15,30043,Jefferson,30
I-15,30049,Lewis and Clark,30
I-15,30057,Madison,30
I-15,30073,Pondera,30
I-15,30093,Silver Bow,30
I-15,30099,Teton,30
I-15,30101,Toole,30
I-15,32003,Clark,32
I-15,49001,Beaver,49
I-15,49003,Box Elder,49
I-15,49011,Davis,49
I-15,49021,Iron,49
I-15,49023,Juab,49
I-15,49027,Millard,49
I-15,49035,Salt Lake,49
I-15,49049,Utah,49
I-15,49053,Washington,49
I-15,49057,Weber,49
I-155,17107,Logan,17
I-155,17179,Tazewell,17
I-155,29155,Pemiscot,29
I-155,47045,Dyer,47
I-16,13021,Bibb,13
I-16,13023,Bleckley,13
I-16,13029,Bryan,13
I-16,13031,Bulloch,13
I-16,13043,Candler,13
I-16,13051,Chatham,13
I-16,13103,Effingham,13
I-16,13107,Emanuel,13
I-16,13175,Laurens,13
I-16,13283,Treutlen,13
I-16,13289,Twiggs,13
I-165,01097,Mobile,01
I-169,48061,Cameron,48
I-17,04005,Coconino,04
I-17,04013,Maricopa,04
I-17,04025,Yavapai,04
I-170,29189,St. Louis,29
I-172,17001,Adams,17
I-172,17149,Pike,17
I-175,12103,Pinellas,12
I-176,42011,Berks,42
I-180,17011,Bureau,17
I-180,17155,Putnam,17
I-180,31109,Lancaster,31
I-180,42081,Lycoming,42
I-180,42097,Northumberland,42
I-181,47019,Carter,47
I-181,47163,Sullivan,47
I-181,47171,Unicoi,47
I-181,47179,Washington,47
I-181,51169,Scott,51
I-182,53005,Benton,53
I-182,53021,Franklin,53
I-184,16001,Ada,16
I-185,13145,Harris,13
I-185,13215,Muscogee,13
I-185,13285,Troup,13
I-185,45045,Greenville,45
I-189,50007,Chittenden,50
I-19,04019,Pima,04
I-19,04023,Santa Cruz,04
I-190,17031,Cook,17
I-190,25027,Worcester,25
I-190,36029,Erie,36
I-190,36063,Niagara,36
I-190,46103,Pennington,46
I-194,26025,Calhoun,26
I-194,38059,Morton,38
I-195,12086,Miami-Dade,12
I-195,23031,York,23
I-195,24003,Anne Arundel,24
I-195,24005,Baltimore,24
I-195,25005,Bristol,25
I-195,25023,Plymouth,25
I-195,34021,Mercer,34
I-195,34025,Monmouth,34
I-195,34029,Ocean,34
I-195,44007,Providence,44
I-195,51087,Henrico,51
I-195,51760,Richmond,51
I-196,26005,Allegan,26
I-196,26021,Berrien,26
I-196,26081,Kent,26
I-196,26139,Ottawa,26
I-196,26159,Van Buren,26
I-2,48061,Cameron,48
I-2,48215,Hidalgo,48
I-20,01015,Calhoun,01
I-20,01029,Cleburne,01
I-20,01063,Greene,01
I-20,01073,Jefferson,01
I-20,01115,St. Clair,01
I-20,01119,Sumter,01
I-20,01121,Talladega,01
I-20,01125,Tuscaloosa,01
I-20,13045,Carroll,13
I-20,13067,Cobb,13
I-20,13073,Columbia,13
I-20,13089,DeKalb,13
I-20,13097,Douglas,13
I-20,13121,Fulton,13
I-20,13133,Greene,13
I-20,13143,Haralson,13
I-20,13189,McDuffie,13
I-20,13211,Morgan,13
I-20,13217,Newton,13
I-20,13245,Richmond,13
I-20,13247,Rockdale,13
I-20,13265,Taliaferro,13
I-20,13297,Walton,13
I-20,13301,Warren,13
I-20,22013,Bienville,22
I-20,22015,Bossier,22
I-20,22017,Caddo,22
I-20,22061,Lincoln,22
I-20,22065,Madison,22
I-20,22073,Ouachita,22
I-20,22083,Richland,22
I-20,22119,Webster,22
I-20,28049,Hinds,28
I-20,28075,Lauderdale,28
I-20,28101,Newton,28
I-20,28121,Rankin,28
I-20,28123,Scott,28
I-20,28149,Warren,28
I-20,45003,Aiken,45
I-20,45031,Darlington,45
I-20,45041,Florence,45
I-20,45055,Kershaw,45
I-20,45061,Lee,45
I-20,45063,Lexington,45
I-20,45079,Richland,45
I-20,48059,Callahan,48
I-20,48103,Crane,48
I-20,48113,Dallas,48
I-20,48133,Eastland,48
I-20,48135,Ector,48
I-20,48143,Erath,48
I-20,48183,Gregg,48
I-20,48203,Harrison,48
I-20,48227,Howard,48
I-20,48257,Kaufman,48
I-20,48317,Martin,48
I-20,48329,Midland,48
I-20,48335,Mitchell,48
I-20,48353,Nolan,48
I-20,48363,Palo Pinto,48
I-20,48367,Parker,48
I-20,48389,Reeves,48
I-20,48423,Smith,48
I-20,48439,Tarrant,48
I-20,48441,Taylor,48
I-20,48467,Van Zandt,48
I-20,48475,Ward,48
I-205,06001,Alameda,06
I-205,06077,San Joaquin,06
I-205,41005,Clackamas,41
I-205,41051,Multnomah,41
I-205,41067,Washington,41
I-205,53011,Clark,53
I-210,06037,Los Angeles,06
I-210,22019,Calcasieu,22
I-215,06065,Riverside,06
I-215,06071,San Bernardino,06
I-215,32003,Clark,32
I-215,49011,Davis,49
I-215,49035,Salt Lake,49
I-22,01073,Jefferson,01
I-22,01093,Marion,01
I-22,01127,Walker,01
I-22,28009,Benton,28
I-22,28033,DeSoto,28
I-22,28057,Itawamba,28
I-22,28081,Lee,28
I-22,28093,Marshall,28
I-22,28115,Pontotoc,28
I-22,28145,Union,28
I-220,22015,Bossier,22
I-220,22017,Caddo,22
I-220,28049,Hinds,28
I-220,28089,Madison,28
I-225,08001,Adams,08
I-225,08005,Arapahoe,08
I-225,08031,Denver,08
I-229,29003,Andrew,29
I-229,29021,Buchanan,29
I-229,46083,Lincoln,46
I-229,46099,Minnehaha,46
I-235,19153,Polk,19
I-235,20173,Sedgwick,20
I-235,40109,Oklahoma,40
I-238,06001,Alameda,06
I-24,13083,Dade,13
I-24,17087,Johnson,17
I-24,17127,Massac,17
I-24,17199,Williamson,17
I-24,21033,Caldwell,21
I-24,21047,Christian,21
I-24,21139,Livingston,21
I-24,21143,Lyon,21
I-24,21145,McCracken,21
I-24,21157,Marshall,21
I-24,21221,Trigg,21
I-24,47003,Bedford,47
I-24,47021,Cheatham,47
I-24,47031,Coffee,47
I-24,47037,Davidson,47
I-24,47061,Grundy,47
I-24,47065,Hamilton,47
I-24,47115,Marion,47
I-24,47125,Montgomery,47
I-24,47147,Robertson,47
I-24,47149,Rutherford,47
I-240,37021,Buncombe,37
I-240,40109,Oklahoma,40
I-240,47157,Shelby,47
I-244,40143,Tulsa,40
I-25,08001,Adams,08
I-25,08005,Arapahoe,08
I-25,08014,Broomfield,08
I-25,08031,Denver,08
I-25,08035,Douglas,08
I-25,08041,El Paso,08
I-25,08055,Huerfano,08
I-25,08069,Larimer,08
I-25,08071,Las Animas,08
I-25,08101,Pueblo,08
I-25,08123,Weld,08
I-25,35001,Bernalillo,35
I-25,35007,Colfax,35
I-25,35013,Doña Ana,35
I-25,35033,Mora,35
I-25,35043,Sandoval,35
I-25,35047,San Miguel,35
I-25,35049,Santa Fe,35
I-25,35051,Sierra,35
I-25,35053,Socorro,35
I-25,35061,Valencia,35
I-25,56009,Converse,56
I-25,56019,Johnson,56
I-25,56021,Laramie,56
I-25,56025,Natrona,56
I-25,56031,Platte,56
I-255,17119,Madison,17
I-255,17133,Monroe,17
I-255,17163,St. Clair,17
I-255,29189,St. Louis,29
I-26,37021,Buncombe,37
I-26,37089,Henderson,37
I-26,37115,Madison,37
I-26,37149,Polk,37
I-26,45015,Berkeley,45
I-26,45017,Calhoun,45
I-26,45019,Charleston,45
I-26,45035,Dorchester,45
I-26,45059,Laurens,45
I-26,45063,Lexington,45
I-26,45071,Newberry,45
I-26,45075,Orangeburg,45
I-26,45079,Richland,45
I-26,45083,Spartanburg,45
I-26,47019,Carter,47
I-26,47163,Sullivan,47
I-26,47171,Unicoi,47
I-26,47179,Washington,47
I-26,51169,Scott,51
I-264,21111,Jefferson,21
I-264,51550,Chesapeake,51
I-264,51710,Norfolk,51
I-264,51740,Portsmouth,51
I-264,51810,Virginia Beach,51
I-265,18019,Clark,18
I-265,18043,Floyd,18
I-265,21111,Jefferson,21
I-269,28033,DeSoto,28
I-269,28093,Marshall,28
I-269,47047,Fayette,47
I-269,47157,Shelby,47
I-27,48189,Hale,48
I-27,48303,Lubbock,48
I-27,48375,Potter,48
I-27,48381,Randall,48
I-27,48437,Swisher,48
I-270,08001,Adams,08
I-270,08031,Denver,08
I-270,17005,Bond,17
I-270,17119,Madison,17
I-270,24021,Frederick,24
I-270,24031,Montgomery,24
I-270,29189,St. Louis,29
I-270,29510,St. Louis,29
I-270,39049,Franklin,39
I-271,39035,Cuyahoga,39
I-271,39085,Lake,39
I-271,39103,Medina,39
I-271,39153,Summit,39
I-275,12057,Hillsborough,12
I-275,12081,Manatee,12
I-275,12101,Pasco,12
I-275,12103,Pinellas,12
I-275,18029,Dearborn,18
I-275,21015,Boone,21
I-275,21037,Campbell,21
I-275,21117,Kenton,21
I-275,26115,Monroe,26
I-275,26125,Oakland,26
I-275,26163,Wayne,26
I-275,39025,Clermont,39
I-275,39061,Hamilton,39
I-275,47093,Knox,47
I-276,42017,Bucks,42
I-276,42029,Chester,42
I-276,42091,Montgomery,42
I-277,37119,Mecklenburg,37
I-277,39153,Summit,39
I-278,34039,Union,34
I-278,36005,Bronx,36
I-278,36047,Kings,36
I-278,36061,New York,36
I-278,36081,Queens,36
I-278,36085,Richmond,36
I-279,42003,Allegheny,42
I-280,06075,San Francisco,06
I-280,06081,San Mateo,06
I-280,06085,Santa Clara,06
I-280,17073,Henry,17
I-280,17161,Rock Island,17
I-280,19163,Scott,19
I-280,34013,Essex,34
I-280,34017,Hudson,34
I-280,34027,Morris,34
I-280,39095,Lucas,39
I-280,39173,Wood,39
I-283,42043,Dauphin,42
I-285,13063,Clayton,13
I-285,13067,Cobb,13
I-285,13089,DeKalb,13
I-285,13121,Fulton,13
I-285,37057,Davidson,37
I-285,37067,Forsyth,37
I-287,34003,Bergen,34
I-287,34023,Middlesex,34
I-287,34027,Morris,34
I-287,34031,Passaic,34
I-287,34035,Somerset,34
I-287,36087,Rockland,36
I-287,36119,Westchester,36
I-29,19071,Fremont,19
I-29,19085,Harrison,19
I-29,19129,Mills,19
I-29,19133,Monona,19
I-29,19155,Pottawattamie,19
I-29,19193,Woodbury,19
I-29,29003,Andrew,29
I-29,29005,Atchison,29
I-29,29021,Buchanan,29
I-29,29047,Clay,29
I-29,29087,Holt,29
I-29,29095,Jackson,29
I-29,29165,Platte,29
I-29,38017,Cass,38
I-29,38035,Grand Forks,38
I-29,38067,Pembina,38
I-29,38077,Richland,38
I-29,38097,Traill,38
I-29,38099,Walsh,38
I-29,46011,Brookings,46
I-29,46029,Codington,46
I-29,46039,Deuel,46
I-29,46051,Grant,46
I-29,46057,Hamlin,46
I-29,46083,Lincoln,46
I-29,46099,Minnehaha,46
I-29,46101,Moody,46
I-29,46109,Roberts,46
I-29,46127,Union,46
I-290,17031,Cook,17
I-290,17043,DuPage,17
I-290,25017,Middlesex,25
I-290,25027,Worcester,25
I-290,36029,Erie,36
I-291,09110,Capitol,09
I-291,25013,Hampden,25
I-293,33011,Hillsborough,33
I-293,33013,Merrimack,33
I-294,17031,Cook,17
I-294,17043,DuPage,17
I-294,17097,Lake,17
I-295,10003,New Castle,10
I-295,11001,District of Columbia,11
I-295,12019,Clay,12
I-295,12031,Duval,12
I-295,23005,Cumberland,23
I-295,23011,Kennebec,23
I-295,23023,Sagadahoc,23
I-295,24033,Prince George's,24
I-295,25005,Bristol,25
I-295,34005,Burlington,34
I-295,34007,Camden,34
I-295,34015,Gloucester,34
I-295,34021,Mercer,34
I-295,34033,Salem,34
I-295,36005,Bronx,36
I-295,36081,Queens,36
I-295,37051,Cumberland,37
I-295,42017,Bucks,42
I-295,44003,Kent,44
I-295,44007,Providence,44
I-295,51041,Chesterfield,51
I-295,51085,Hanover,51
I-295,51087,Henrico,51
I-295,51149,Prince George,51
I-295,51670,Hopewell,51
I-30,05019,Clark,05
I-30,05057,Hempstead,05
I-30,05059,Hot Spring,05
I-30,05091,Miller,05
I-30,05099,Nevada,05
I-30,05119,Pulaski,05
I-30,05125,Saline,05
I-30,48037,Bowie,48
I-30,48113,Dallas,48
I-30,48159,Franklin,48
I-30,48223,Hopkins,48
I-30,48231,Hunt,48
I-30,48343,Morris,48
I-30,48367,Parker,48
I-30,48397,Rockwall,48
I-30,48439,Tarrant,48
I-30,48449,Titus,48
I-310,22089,St. Charles,22
I-315,30013,Cascade,30
I-335,20111,Lyon,20
I-335,20139,Osage,20
I-335,20177,Shawnee,20
I-335,20197,Wabaunsee,20
I-35,19033,Cerro Gordo,19
I-35,19039,Clarke,19
I-35,19053,Decatur,19
I-35,19069,Franklin,19
I-35,19079,Hamilton,19
I-35,19153,Polk,19
I-35,19169,Story,19
I-35,19181,Warren,19
I-35,19195,Worth,19
I-35,19197,Wright,19
I-35,20015,Butler,20
I-35,20017,Chase,20
I-35,20031,Coffey,20
I-35,20059,Franklin,20
I-35,20091,Johnson,20
I-35,20111,Lyon,20
I-35,20121,Miami,20
I-35,20139,Osage,20
I-35,20173,Sedgwick,20
I-35,20191,Sumner,20
I-35,20209,Wyandotte,20
I-35,27003,Anoka,27
I-35,27017,Carlton,27
I-35,27025,Chisago,27
I-35,27037,Dakota,27
I-35,27047,Freeborn,27
I-35,27053,Hennepin,27
I-35,27115,Pine,27
I-35,27123,Ramsey,27
I-35,27131,Rice,27
I-35,27137,St. Louis,27
I-35,27139,Scott,27
I-35,27147,Steele,27
I-35,27163,Washington,27
I-35,29025,Caldwell,29
I-35,29047,Clay,29
I-35,29049,Clinton,29
I-35,29061,Daviess,29
I-35,29063,DeKalb,29
I-35,29081,Harrison,29
I-35,29095,Jackson,29
I-35,40019,Carter,40
I-35,40027,Cleveland,40
I-35,40049,Garvin,40
I-35,40071,Kay,40
I-35,40083,Logan,40
I-35,40085,Love,40
I-35,40087,McClain,40
I-35,40099,Murray,40
I-35,40103,Noble,40
I-35,40109,Oklahoma,40
I-35,40119,Payne,40
I-35,48013,Atascosa,48
I-35,48027,Bell,48
I-35,48029,Bexar,48
I-35,48091,Comal,48
I-35,48097,Cooke,48
I-35,48113,Dallas,48
I-35,48121,Denton,48
I-35,48139,Ellis,48
I-35,48145,Falls,48
I-35,48163,Frio,48
I-35,48187,Guadalupe,48
I-35,48209,Hays,48
I-35,48217,Hill,48
I-35,48251,Johnson,48
I-35,48283,La Salle,48
I-35,48309,McLennan,48
I-35,48325,Medina,48
I-35,48439,Tarrant,48
I-35,48453,Travis,48
I-35,48479,Webb,48
I-35,48491,Williamson,48
I-355,17031,Cook,17
I-355,17043,DuPage,17
I-355,17197,Will,17
I-359,01125,Tuscaloosa,01
I-37,48013,Atascosa,48
I-37,48029,Bexar,48
I-37,48297,Live Oak,48
I-37,48355,Nueces,48
I-37,48409,San Patricio,48
I-370,24031,Montgomery,24
I-375,12103,Pinellas,12
I-375,26163,Wayne,26
I-376,42003,Allegheny,42
I-376,42007,Beaver,42
I-376,42073,Lawrence,42
I-376,42085,Mercer,42
I-380,06081,San Mateo,06
I-380,19011,Benton,19
I-380,19013,Black Hawk,19
I-380,19019,Buchanan,19
I-380,19103,Johnson,19
I-380,19113,Linn,19
I-380,42069,Lackawanna,42
I-380,42089,Monroe,42
I-380,42127,Wayne,42
I-381,51520,Bristol,51
I-384,09110,Capitol,09
I-385,45045,Greenville,45
I-385,45059,Laurens,45
I-39,17099,LaSalle,17
I-39,17103,Lee,17
I-39,17113,McLean,17
I-39,17123,Marshall,17
I-39,17141,Ogle,17
I-39,17201,Winnebago,17
I-39,17203,Woodford,17
I-39,55021,Columbia,55
I-39,55025,Dane,55
I-39,55073,Marathon,55
I-39,55077,Marquette,55
I-39,55097,Portage,55
I-39,55105,Rock,55
I-39,55137,Waushara,55
I-390,36051,Livingston,36
I-390,36055,Monroe,36
I-390,36101,Steuben,36
I-391,25013,Hampden,25
I-393,33013,Merrimack,33
I-394,27053,Hennepin,27
I-395,09150,Northeastern Connecticut,09
I-395,09180,Southeastern Connecticut,09
I-395,11001,District of Columbia,11
I-395,12086,Miami-Dade,12
I-395,23019,Penobscot,23
I-395,24510,Baltimore,24
I-395,25027,Worcester,25
I-395,51013,Arlington,51
I-395,51059,Fairfax,51
I-395,51510,Alexandria,51
I-4,12057,Hillsborough,12
I-4,12095,Orange,12
I-4,12097,Osceola,12
I-4,12105,Polk,12
I-4,12117,Seminole,12
I-4,12127,Volusia,12
I-40,04001,Apache,04
I-40,04005,Coconino,04
I-40,04015,Mohave,04
I-40,04017,Navajo,04
I-40,04025,Yavapai,04
I-40,05029,Conway,05
I-40,05033,Crawford,05
I-40,05035,Crittenden,05
I-40,05045,Faulkner,05
I-40,05047,Franklin,05
I-40,05071,Johnson,05
I-40,05085,Lonoke,05
I-40,05095,Monroe,05
I-40,05115,Pope,05
I-40,05117,Prairie,05
I-40,05119,Pulaski,05
I-40,05123,St. Francis,05
I-40,06071,San Bernardino,06
I-40,35001,Bernalillo,35
I-40,35006,Cibola,35
I-40,35019,Guadalupe,35
I-40,35031,McKinley,35
I-40,35037,Quay,35
I-40,35049,Santa Fe,35
I-40,35057,Torrance,35
I-40,37001,Alamance,37
I-40,37021,Buncombe,37
I-40,37023,Burke,37
I-40,37035,Catawba,37
I-40,37059,Davie,37
I-40,37061,Duplin,37
I-40,37063,Durham,37
I-40,37067,Forsyth,37
I-40,37081,Guilford,37
I-40,37087,Haywood,37
I-40,37097,Iredell,37
I-40,37101,Johnston,37
I-40,37111,McDowell,37
I-40,37129,New Hanover,37
I-40,37135,Orange,37
I-40,37141,Pender,37
I-40,37163,Sampson,37
I-40,37183,Wake,37
I-40,40009,Beckham,40
I-40,40015,Caddo,40
I-40,40017,Canadian,40
I-40,40039,Custer,40
I-40,40091,McIntosh,40
I-40,40101,Muskogee,40
I-40,40107,Okfuskee,40
I-40,40109,Oklahoma,40
I-40,40111,Okmulgee,40
I-40,40125,Pottawatomie,40
I-40,40133,Seminole,40
I-40,40135,Sequoyah,40
I-40,40149,Washita,40
I-40,47005,Benton,47
I-40,47017,Carroll,47
I-40,47021,Cheatham,47
I-40,47029,Cocke,47
I-40,47035,Cumberland,47
I-40,47037,Davidson,47
I-40,47039,Decatur,47
I-40,47043,Dickson,47
I-40,47047,Fayette,47
I-40,47075,Haywood,47
I-40,47077,Henderson,47
I-40,47081,Hickman,47
I-40,47085,Humphreys,47
I-40,47089,Jefferson,47
I-40,47093,Knox,47
I-40,47105,Loudon,47
I-40,47113,Madison,47
I-40,47141,Putnam,47
I-40,47145,Roane,47
I-40,47155,Sevier,47
I-40,47157,Shelby,47
I-40,47159,Smith,47
I-40,47187,Williamson,47
I-40,47189,Wilson,47
I-40,48065,Carson,48
I-40,48117,Deaf Smith,48
I-40,48129,Donley,48
I-40,48179,Gray,48
I-40,48359,Oldham,48
I-40,48375,Potter,48
I-40,48483,Wheeler,48
I-405,06037,Los Angeles,06
I-405,06059,Orange,06
I-405,41051,Multnomah,41
I-405,53033,King,53
I-405,53061,Snohomish,53
I-41,17097,Lake,17
I-41,55009,Brown,55
I-41,55027,Dodge,55
I-41,55039,Fond du Lac,55
I-41,55059,Kenosha,55
I-41,55079,Milwaukee,55
I-41,55087,Outagamie,55
I-41,55101,Racine,55
I-41,55131,Washington,55
I-41,55133,Waukesha,55
I-41,55139,Winnebago,55
I-410,48029,Bexar,48
I-43,55009,Brown,55
I-43,55071,Manitowoc,55
I-43,55079,Milwaukee,55
I-43,55089,Ozaukee,55
I-43,55105,Rock,55
I-43,55117,Sheboygan,55
I-43,55127,Walworth,55
I-43,55133,Waukesha,55
I-430,05119,Pulaski,05
I-435,20091,Johnson,20
I-435,20209,Wyandotte,20
I-435,29047,Clay,29
I-435,29095,Jackson,29
I-435,29165,Platte,29
I-44,29055,Crawford,29
I-44,29071,Franklin,29
I-44,29077,Greene,29
I-44,29097,Jasper,29
I-44,29105,Laclede,29
I-44,29109,Lawrence,29
I-44,29145,Newton,29
I-44,29161,Phelps,29
I-44,29169,Pulaski,29
I-44,29189,St. Louis,29
I-44,29225,Webster,29
I-44,29510,St. Louis,29
I-44,40015,Caddo,40
I-44,40027,Cleveland,40
I-44,40031,Comanche,40
I-44,40033,Cotton,40
I-44,40035,Craig,40
I-44,40037,Creek,40
I-44,40051,Grady,40
I-44,40081,Lincoln,40
I-44,40087,McClain,40
I-44,40097,Mayes,40
I-44,40109,Oklahoma,40
I-44,40115,Ottawa,40
I-44,40131,Rogers,40
I-44,40143,Tulsa,40
I-44,40145,Wagoner,40
I-44,48485,Wichita,48
I-440,05119,Pulaski,05
I-440,37183,Wake,37
I-440,47037,Davidson,47
I-45,48113,Dallas,48
I-45,48139,Ellis,48
I-45,48161,Freestone,48
I-45,48167,Galveston,48
I-45,48201,Harris,48
I-45,48289,Leon,48
I-45,48313,Madison,48
I-45,48339,Montgomery,48
I-45,48349,Navarro,48
I-45,48471,Walker,48
I-459,01073,Jefferson,01
I-464,51550,Chesapeake,51
I-464,51710,Norfolk,51
I-465,18011,Boone,18
I-465,18057,Hamilton,18
I-465,18097,Marion,18
I-469,18003,Allen,18
I-470,20177,Shawnee,20
I-470,29095,Jackson,29
I-470,39013,Belmont,39
I-470,54069,Ohio,54
I-471,21037,Campbell,21
I-471,39061,Hamilton,39
I-474,17143,Peoria,17
I-474,17179,Tazewell,17
I-475,13021,Bibb,13
I-475,13207,Monroe,13
I-475,26049,Genesee,26
I-475,39095,Lucas,39
I-475,39173,Wood,39
I-476,42017,Bucks,42
I-476,42025,Carbon,42
I-476,42045,Delaware,42
I-476,42069,Lackawanna,42
I-476,42077,Lehigh,42
I-476,42079,Luzerne,42
I-476,42091,Montgomery,42
I-478,36047,Kings,36
I-478,36061,New York,36
I-480,19155,Pottawattamie,19
I-480,31055,Douglas,31
I-480,39035,Cuyahoga,39
I-480,39093,Lorain,39
I-480,39133,Portage,39
I-480,39153,Summit,39
I-481,36067,Onondaga,36
I-485,37119,Mecklenburg,37
I-49,05007,Benton,05
I-49,05033,Crawford,05
I-49,05091,Miller,05
I-49,05131,Sebastian,05
I-49,05143,Washington,05
I-49,22009,Avoyelles,22
I-49,22017,Caddo,22
I-49,22031,De Soto,22
I-49,22039,Evangeline,22
I-49,22055,Lafayette,22
I-49,22069,Natchitoches,22
I-49,22079,Rapides,22
I-49,22097,St. Landry,22
I-49,29011,Barton,29
I-49,29013,Bates,29
I-49,29037,Cass,29
I-49,29095,Jackson,29
I-49,29097,Jasper,29
I-49,29119,McDonald,29
I-49,29145,Newton,29
I-49,29217,Vernon,29
I-49,48037,Bowie,48
I-490,36037,Genesee,36
I-490,36055,Monroe,36
I-490,36069,Ontario,36
I-490,39035,Cuyahoga,39
I-494,27037,Dakota,27
I-494,27053,Hennepin,27
I-494,27123,Ramsey,27
I-494,27163,Washington,27
I-495,10003,New Castle,10
I-495,11001,District of Columbia,11
I-495,24031,Montgomery,24
I-495,24033,Prince George's,24
I-495,25005,Bristol,25
I-495,25009,Essex,25
I-495,25017,Middlesex,25
I-495,25021,Norfolk,25
I-495,25023,Plymouth,25
I-495,25027,Worcester,25
I-495,36059,Nassau,36
I-495,36061,New York,36
I-495,36081,Queens,36
I-495,36103,Suffolk,36
I-495,42045,Delaware,42
I-495,51059,Fairfax,51
I-495,51510,Alexandria,51
I-496,26045,Eaton,26
I-496,26065,Ingham,26
I-5,06011,Colusa,06
I-5,06019,Fresno,06
I-5,06021,Glenn,06
I-5,06029,Kern,06
I-5,06031,Kings,06
I-5,06037,Los Angeles,06
I-5,06047,Merced,06
I-5,06059,Orange,06
I-5,06067,Sacramento,06
I-5,06073,San Diego,06
I-5,06077,San Joaquin,06
I-5,06089,Shasta,06
I-5,06093,Siskiyou,06
I-5,06099,Stanislaus,06
I-5,06103,Tehama,06
I-5,06113,Yolo,06
I-5,41005,Clackamas,41
I-5,41019,Douglas,41
I-5,41029,Jackson,41
I-5,41033,Josephine,41
I-5,41039,Lane,41
I-5,41043,Linn,41
I-5,41047,Marion,41
I-5,41051,Multnomah,41
I-5,41067,Washington,41
I-5,53011,Clark,53
I-5,53015,Cowlitz,53
I-5,53033,King,53
I-5,53041,Lewis,53
I-5,53053,Pierce,53
I-5,53057,Skagit,53
I-5,53061,Snohomish,53
I-5,53067,Thurston,53
I-5,53073,Whatcom,53
I-505,06095,Solano,06
I-505,06113,Yolo,06
I-510,22071,Orleans,22
I-515,32003,Clark,32
I-516,13051,Chatham,13
I-520,13245,Richmond,13
I-520,45003,Aiken,45
I-526,45015,Berkeley,45
I-526,45019,Charleston,45
I-530,05053,Grant,05
I-530,05069,Jefferson,05
I-530,05119,Pulaski,05
I-530,05125,Saline,05
I-535,27137,St. Louis,27
I-535,55031,Douglas,55
I-540,05033,Crawford,05
I-540,05131,Sebastian,05
I-540,37063,Durham,37
I-540,37183,Wake,37
I-540,40079,Le Flore,40
I-55,05035,Crittenden,05
I-55,05093,Mississippi,05
I-55,17031,Cook,17
I-55,17043,DuPage,17
I-55,17063,Grundy,17
I-55,17105,Livingston,17
I-55,17107,Logan,17
I-55,17113,McLean,17
I-55,17117,Macoupin,17
I-55,17119,Madison,17
I-55,17135,Montgomery,17
I-55,17163,St. Clair,17
I-55,17167,Sangamon,17
I-55,17197,Will,17
I-55,22095,St. John the Baptist,22
I-55,22105,Tangipahoa,22
I-55,28015,Carroll,28
I-55,28029,Copiah,28
I-55,28033,DeSoto,28
I-55,28043,Grenada,28
I-55,28049,Hinds,28
I-55,28051,Holmes,28
I-55,28085,Lincoln,28
I-55,28089,Madison,28
I-55,28097,Montgomery,28
I-55,28107,Panola,28
I-55,28113,Pike,28
I-55,28121,Rankin,28
I-55,28137,Tate,28
I-55,28161,Yalobusha,28
I-55,28163,Yazoo,28
I-55,29031,Cape Girardeau,29
I-55,29099,Jefferson,29
I-55,29143,New Madrid,29
I-55,29155,Pemiscot,29
I-55,29157,Perry,29
I-55,29186,Ste. Genevieve,29
I-55,29189,St. Louis,29
I-55,29201,Scott,29
I-55,29510,St. Louis,29
I-55,47157,Shelby,47
I-555,05031,Craighead,05
I-555,05035,Crittenden,05
I-555,05111,Poinsett,05
I-564,51710,Norfolk,51
I-565,01083,Limestone,01
I-565,01089,Madison,01
I-57,17003,Alexander,17
I-57,17019,Champaign,17
I-57,17025,Clay,17
I-57,17029,Coles,17
I-57,17031,Cook,17
I-57,17035,Cumberland,17
I-57,17041,Douglas,17
I-57,17049,Effingham,17
I-57,17051,Fayette,17
I-57,17053,Ford,17
I-57,17055,Franklin,17
I-57,17075,Iroquois,17
I-57,17081,Jefferson,17
I-57,17087,Johnson,17
I-57,17091,Kankakee,17
I-57,17121,Marion,17
I-57,17153,Pulaski,17
I-57,17173,Shelby,17
I-57,17181,Union,17
I-57,17197,Will,17
I-57,17199,Williamson,17
I-57,29133,Mississippi,29
I-57,29201,Scott,29
I-575,13057,Cherokee,13
I-575,13067,Cobb,13
I-575,13227,Pickens,13
I-579,42003,Allegheny,42
I-580,06001,Alameda,06
I-580,06013,Contra Costa,06
I-580,06041,Marin,06
I-580,06077,San Joaquin,06
I-580,06099,Stanislaus,06
I-580,32031,Washoe,32
I-580,32510,Carson City,32
I-581,51161,Roanoke,51
I-581,51770,Roanoke,51
I-585,45083,Spartanburg,45
I-587,36111,Ulster,36
I-59,01049,DeKalb,01
I-59,01055,Etowah,01
I-59,01063,Greene,01
I-59,01073,Jefferson,01
I-59,01115,St. Clair,01
I-59,01119,Sumter,01
I-59,01125,Tuscaloosa,01
I-59,13083,Dade,13
I-59,22103,St. Tammany,22
I-59,28023,Clarke,28
I-59,28035,Forrest,28
I-59,28061,Jasper,28
I-59,28067,Jones,28
I-59,28073,Lamar,28
I-59,28075,Lauderdale,28
I-59,28109,Pearl River,28
I-590,36055,Monroe,36
I-595,12011,Broward,12
I-595,24003,Anne Arundel,24
I-595,24033,Prince George's,24
I-605,06037,Los Angeles,06
I-605,06059,Orange,06
I-610,22071,Orleans,22
I-610,48201,Harris,48
I-630,05119,Pulaski,05
I-635,20091,Johnson,20
I-635,20209,Wyandotte,20
I-635,29165,Platte,29
I-635,48113,Dallas,48
I-635,48439,Tarrant,48
I-64,17027,Clinton,17
I-64,17081,Jefferson,17
I-64,17163,St. Clair,17
I-64,17189,Washington,17
I-64,17191,Wayne,17
I-64,17193,White,17
I-64,18025,Crawford,18
I-64,18037,Dubois,18
I-64,18043,Floyd,18
I-64,18051,Gibson,18
I-64,18061,Harrison,18
I-64,18123,Perry,18
I-64,18129,Posey,18
I-64,18147,Spencer,18
I-64,18163,Vanderburgh,18
I-64,18173,Warrick,18
I-64,21011,Bath,21
I-64,21019,Boyd,21
I-64,21043,Carter,21
I-64,21049,Clark,21
I-64,21067,Fayette,21
I-64,21073,Franklin,21
I-64,21111,Jefferson,21
I-64,21173,Montgomery,21
I-64,21205,Rowan,21
I-64,21209,Scott,21
I-64,21211,Shelby,21
I-64,21239,Woodford,21
I-64,29183,St. Charles,29
I-64,29189,St. Louis,29
I-64,29510,St. Louis,29
I-64,51003,Albemarle,51
I-64,51005,Alleghany,51
I-64,51015,Augusta,51
I-64,51065,Fluvanna,51
I-64,51075,Goochland,51
I-64,51087,Henrico,51
I-64,51095,James City,51
I-64,51109,Louisa,51
I-64,51125,Nelson,51
I-64,51127,New Kent,51
I-64,51163,Rockbridge,51
I-64,51199,York,51
I-64,51540,Charlottesville,51
I-64,51550,Chesapeake,51
I-64,51580,Covington,51
I-64,51650,Hampton,51
I-64,51700,Newport News,51
I-64,51710,Norfolk,51
I-64,51760,Richmond,51
I-64,51810,Virginia Beach,51
I-64,51820,Waynesboro,51
I-64,54011,Cabell,54
I-64,54019,Fayette,54
I-64,54025,Greenbrier,54
I-64,54039,Kanawha,54
I-64,54079,Putnam,54
I-64,54081,Raleigh,54
I-64,54089,Summers,54
I-64,54099,Wayne,54
I-640,47093,Knox,47
I-65,01001,Autauga,01
I-65,01003,Baldwin,01
I-65,01009,Blount,01
I-65,01013,Butler,01
I-65,01021,Chilton,01
I-65,01035,Conecuh,01
I-65,01043,Cullman,01
I-65,01051,Elmore,01
I-65,01053,Escambia,01
I-65,01073,Jefferson,01
I-65,01083,Limestone,01
I-65,01085,Lowndes,01
I-65,01097,Mobile,01
I-65,01101,Montgomery,01
I-65,01103,Morgan,01
I-65,01117,Shelby,01
I-65,18005,Bartholomew,18
I-65,18011,Boone,18
I-65,18019,Clark,18
I-65,18023,Clinton,18
I-65,18063,Hendricks,18
I-65,18071,Jackson,18
I-65,18073,Jasper,18
I-65,18081,Johnson,18
I-65,18089,Lake,18
I-65,18097,Marion,18
I-65,18111,Newton,18
I-65,18143,Scott,18
I-65,18145,Shelby,18
I-65,18157,Tippecanoe,18
I-65,18181,White,18
I-65,21009,Barren,21
I-65,21029,Bullitt,21
I-65,21061,Edmonson,21
I-65,21093,Hardin,21
I-65,21099,Hart,21
I-65,21111,Jefferson,21
I-65,21123,Larue,21
I-65,21213,Simpson,21
I-65,21227,Warren,21
I-65,47037,Davidson,47
I-65,47055,Giles,47
I-65,47117,Marshall,47
I-65,47119,Maury,47
I-65,47147,Robertson,47
I-65,47165,Sumner,47
I-65,47187,Williamson,47
I-66,11001,District of Columbia,11
I-66,51013,Arlington,51
I-66,51059,Fairfax,51
I-66,51061,Fauquier,51
I-66,51153,Prince William,51
I-66,51187,Warren,51
I-664,51550,Chesapeake,51
I-664,51650,Hampton,51
I-664,51700,Newport News,51
I-664,51800,Suffolk,51
I-670,20209,Wyandotte,20
I-670,29095,Jackson,29
I-670,39049,Franklin,39
I-675,13063,Clayton,13
I-675,13089,DeKalb,13
I-675,13151,Henry,13
I-675,26145,Saginaw,26
I-675,39023,Clark,39
I-675,39057,Greene,39
I-675,39113,Montgomery,39
I-676,34007,Camden,34
I-676,42101,Philadelphia,42
I-678,36005,Bronx,36
I-678,36081,Queens,36
I-68,24001,Allegany,24
I-68,24023,Garrett,24
I-68,24043,Washington,24
I-68,54061,Monongalia,54
I-68,54077,Preston,54
I-680,06001,Alameda,06
I-680,06013,Contra Costa,06
I-680,06085,Santa Clara,06
I-680,06095,Solano,06
I-680,19155,Pottawattamie,19
I-680,31055,Douglas,31
I-680,39099,Mahoning,39
I-684,09190,Western Connecticut,09
I-684,36079,Putnam,36
I-684,36119,Westchester,36
I-69,18003,Allen,18
I-69,18027,Daviess,18
I-69,18033,DeKalb,18
I-69,18035,Delaware,18
I-69,18051,Gibson,18
I-69,18053,Grant,18
I-69,18055,Greene,18
I-69,18057,Hamilton,18
I-69,18069,Huntington,18
I-69,18095,Madison,18
I-69,18097,Marion,18
I-69,18105,Monroe,18
I-69,18125,Pike,18
I-69,18151,Steuben,18
I-69,18163,Vanderburgh,18
I-69,18173,Warrick,18
I-69,18179,Wells,18
I-69,21033,Caldwell,21
I-69,21083,Graves,21
I-69,21101,Henderson,21
I-69,21107,Hopkins,21
I-69,21139,Livingston,21
I-69,21143,Lyon,21
I-69,21157,Marshall,21
I-69,21233,Webster,21
I-69,26023,Branch,26
I-69,26025,Calhoun,26
I-69,26037,Clinton,26
I-69,26045,Eaton,26
I-69,26049,Genesee,26
I-69,26087,Lapeer,26
I-69,26147,St. Clair,26
I-69,26155,Shiawassee,26
I-69,28033,DeSoto,28
I-69,48061,Cameron,48
I-69,48157,Fort Bend,48
I-69,48201,Harris,48
I-69,48215,Hidalgo,48
I-69,48291,Liberty,48
I-69,48339,Montgomery,48
I-69,48355,Nueces,48
I-69,48489,Willacy,48
I-690,36067,Onondaga,36
I-691,09110,Capitol,09
I-691,09140,Naugatuck Valley,09
I-691,09170,South Central Connecticut,09
I-694,27003,Anoka,27
I-694,27053,Hennepin,27
I-694,27123,Ramsey,27
I-694,27163,Washington,27
I-695,11001,District of Columbia,11
I-695,24003,Anne Arundel,24
I-695,24005,Baltimore,24
I-695,24510,Baltimore,24
I-695,36005,Bronx,36
I-696,26099,Macomb,26
I-696,26125,Oakland,26
I-70,08001,Adams,08
I-70,08005,Arapahoe,08
I-70,08019,Clear Creek,08
I-70,08031,Denver,08
I-70,08037,Eagle,08
I-70,08039,Elbert,08
I-70,08045,Garfield,08
I-70,08059,Jefferson,08
I-70,08063,Kit Carson,08
I-70,08073,Lincoln,08
I-70,08077,Mesa,08
I-70,08117,Summit,08
I-70,17005,Bond,17
I-70,17023,Clark,17
I-70,17035,Cumberland,17
I-70,17049,Effingham,17
I-70,17051,Fayette,17
I-70,17119,Madison,17
I-70,17163,St. Clair,17
I-70,18021,Clay,18
I-70,18059,Hancock,18
I-70,18063,Hendricks,18
I-70,18065,Henry,18
I-70,18097,Marion,18
I-70,18109,Morgan,18
I-70,18133,Putnam,18
I-70,18167,Vigo,18
I-70,18177,Wayne,18
I-70,20041,Dickinson,20
I-70,20045,Douglas,20
I-70,20051,Ellis,20
I-70,20053,Ellsworth,20
I-70,20061,Geary,20
I-70,20063,Gove,20
I-70,20103,Leavenworth,20
I-70,20105,Lincoln,20
I-70,20109,Logan,20
I-70,20161,Riley,20
I-70,20167,Russell,20
I-70,20169,Saline,20
I-70,20177,Shawnee,20
I-70,20181,Sherman,20
I-70,20193,Thomas,20
I-70,20195,Trego,20
I-70,20197,Wabaunsee,20
I-70,20209,Wyandotte,20
I-70,24005,Baltimore,24
I-70,24013,Carroll,24
I-70,24021,Frederick,24
I-70,24027,Howard,24
I-70,24043,Washington,24
I-70,24510,Baltimore,24
I-70,29019,Boone,29
I-70,29027,Callaway,29
I-70,29053,Cooper,29
I-70,29095,Jackson,29
I-70,29107,Lafayette,29
I-70,29139,Montgomery,29
I-70,29183,St. Charles,29
I-70,29189,St. Louis,29
I-70,29195,Saline,29
I-70,29219,Warren,29
I-70,29510,St. Louis,29
I-70,39013,Belmont,39
I-70,39023,Clark,39
I-70,39045,Fairfield,39
I-70,39049,Franklin,39
I-70,39059,Guernsey,39
I-70,39089,Licking,39
I-70,39097,Madison,39
I-70,39113,Montgomery,39
I-70,39119,Muskingum,39
I-70,39135,Preble,39
I-70,42009,Bedford,42
I-70,42051,Fayette,42
I-70,42057,Fulton,42
I-70,42111,Somerset,42
I-70,42125,Washington,42
I-70,42129,Westmoreland,42
I-70,49015,Emery,49
I-70,49019,Grand,49
I-70,49027,Millard,49
I-70,49041,Sevier,49
I-70,54069,Ohio,54
I-705,53053,Pierce,53
I-71,21015,Boone,21
I-71,21041,Carroll,21
I-71,21077,Gallatin,21
I-71,21103,Henry,21
I-71,21111,Jefferson,21
I-71,21117,Kenton,21
I-71,21185,Oldham,21
I-71,21223,Trimble,21
I-71,39005,Ashland,39
I-71,39027,Clinton,39
I-71,39035,Cuyahoga,39
I-71,39041,Delaware,39
I-71,39047,Fayette,39
I-71,39049,Franklin,39
I-71,39057,Greene,39
I-71,39061,Hamilton,39
I-71,39097,Madison,39
I-71,39103,Medina,39
I-71,39117,Morrow,39
I-71,39129,Pickaway,39
I-71,39139,Richland,39
I-71,39165,Warren,39
I-71,39169,Wayne,39
I-710,06037,Los Angeles,06
I-72,17019,Champaign,17
I-72,17115,Macon,17
I-72,17137,Morgan,17
I-72,17147,Piatt,17
I-72,17149,Pike,17
I-72,17167,Sangamon,17
I-72,17171,Scott,17
I-72,29127,Marion,29
I-73,37081,Guilford,37
I-73,37123,Montgomery,37
I-73,37151,Randolph,37
I-73,37153,Richmond,37
I-74,17019,Champaign,17
I-74,17039,De Witt,17
I-74,17073,Henry,17
I-74,17095,Knox,17
I-74,17113,McLean,17
I-74,17143,Peoria,17
I-74,17147,Piatt,17
I-74,17161,Rock Island,17
I-74,17179,Tazewell,17
I-74,17183,Vermilion,17
I-74,17203,Woodford,17
I-74,18011,Boone,18
I-74,18029,Dearborn,18
I-74,18031,Decatur,18
I-74,18045,Fountain,18
I-74,18047,Franklin,18
I-74,18063,Hendricks,18
I-74,18097,Marion,18
I-74,18107,Montgomery,18
I-74,18137,Ripley,18
I-74,18139,Rush,18
I-74,18145,Shelby,18
I-74,18165,Vermillion,18
I-74,19163,Scott,19
I-74,37067,Forsyth,37
I-74,37081,Guilford,37
I-74,37123,Montgomery,37
I-74,37151,Randolph,37
I-74,37155,Robeson,37
I-74,37165,Scotland,37
I-74,37171,Surry,37
I-74,39061,Hamilton,39
I-75,12001,Alachua,12
I-75,12011,Broward,12
I-75,12015,Charlotte,12
I-75,12021,Collier,12
I-75,12023,Columbia,12
I-75,12027,DeSoto,12
I-75,12047,Hamilton,12
I-75,12053,Hernando,12
I-75,12057,Hillsborough,12
I-75,12071,Lee,12
I-75,12081,Manatee,12
I-75,12083,Marion,12
I-75,12086,Miami-Dade,12
I-75,12101,Pasco,12
I-75,12115,Sarasota,12
I-75,12119,Sumter,12
I-75,12121,Suwannee,12
I-75,13015,Bartow,13
I-75,13021,Bibb,13
I-75,13035,Butts,13
I-75,13047,Catoosa,13
I-75,13057,Cherokee,13
I-75,13063,Clayton,13
I-75,13067,Cobb,13
I-75,13075,Cook,13
I-75,13079,Crawford,13
I-75,13081,Crisp,13
I-75,13093,Dooly,13
I-75,13121,Fulton,13
I-75,13129,Gordon,13
I-75,13151,Henry,13
I-75,13153,Houston,13
I-75,13171,Lamar,13
I-75,13185,Lowndes,13
I-75,13207,Monroe,13
I-75,13225,Peach,13
I-75,13255,Spalding,13
I-75,13277,Tift,13
I-75,13287,Turner,13
I-75,13313,Whitfield,13
I-75,21015,Boone,21
I-75,21067,Fayette,21
I-75,21081,Grant,21
I-75,21117,Kenton,21
I-75,21125,Laurel,21
I-75,21151,Madison,21
I-75,21187,Owen,21
I-75,21203,Rockcastle,21
I-75,21209,Scott,21
I-75,21235,Whitley,21
I-75,26011,Arenac,26
I-75,26017,Bay,26
I-75,26031,Cheboygan,26
I-75,26033,Chippewa,26
I-75,26039,Crawford,26
I-75,26047,Emmet,26
I-75,26049,Genesee,26
I-75,26097,Mackinac,26
I-75,26115,Monroe,26
I-75,26125,Oakland,26
I-75,26129,Ogemaw,26
I-75,26137,Otsego,26
I-75,26143,Roscommon,26
I-75,26145,Saginaw,26
I-75,26163,Wayne,26
I-75,39003,Allen,39
I-75,39011,Auglaize,39
I-75,39017,Butler,39
I-75,39061,Hamilton,39
I-75,39063,Hancock,39
I-75,39095,Lucas,39
I-75,39109,Miami,39
I-75,39113,Montgomery,39
I-75,39149,Shelby,39
I-75,39165,Warren,39
I-75,39173,Wood,39
I-75,47001,Anderson,47
I-75,47011,Bradley,47
I-75,47013,Campbell,47
I-75,47065,Hamilton,47
I-75,47093,Knox,47
I-75,47105,Loudon,47
I-75,47107,McMinn,47
I-75,47123,Monroe,47
I-759,01055,Etowah,01
I-76,08001,Adams,08
I-76,08031,Denver,08
I-76,08059,Jefferson,08
I-76,08075,Logan,08
I-76,08087,Morgan,08
I-76,08115,Sedgwick,08
I-76,08121,Washington,08
I-76,08123,Weld,08
I-76,31049,Deuel,31
I-76,34007,Camden,34
I-76,39099,Mahoning,39
I-76,39103,Medina,39
I-76,39133,Portage,39
I-76,39153,Summit,39
I-76,42003,Allegheny,42
I-76,42007,Beaver,42
I-76,42009,Bedford,42
I-76,42011,Berks,42
I-76,42019,Butler,42
I-76,42029,Chester,42
I-76,42041,Cumberland,42
I-76,42043,Dauphin,42
I-76,42055,Franklin,42
I-76,42057,Fulton,42
I-76,42061,Huntingdon,42
I-76,42071,Lancaster,42
I-76,42073,Lawrence,42
I-76,42075,Lebanon,42
I-76,42091,Montgomery,42
I-76,42101,Philadelphia,42
I-76,42111,Somerset,42
I-76,42129,Westmoreland,42
I-76,42133,York,42
I-77,37097,Iredell,37
I-77,37119,Mecklenburg,37
I-77,37171,Surry,37
I-77,37197,Yadkin,37
I-77,39035,Cuyahoga,39
I-77,39059,Guernsey,39
I-77,39121,Noble,39
I-77,39151,Stark,39
I-77,39153,Summit,39
I-77,39157,Tuscarawas,39
I-77,39167,Washington,39
I-77,45023,Chester,45
I-77,45039,Fairfield,45
I-77,45063,Lexington,45
I-77,45079,Richland,45
I-77,45091,York,45
I-77,51021,Bland,51
I-77,51035,Carroll,51
I-77,51197,Wythe,51
I-77,54019,Fayette,54
I-77,54035,Jackson,54
I-77,54039,Kanawha,54
I-77,54055,Mercer,54
I-77,54081,Raleigh,54
I-77,54107,Wood,54
I-78,34013,Essex,34
I-78,34017,Hudson,34
I-78,34019,Hunterdon,34
I-78,34035,Somerset,34
I-78,34039,Union,34
I-78,34041,Warren,34
I-78,36061,New York,36
I-78,42011,Berks,42
I-78,42075,Lebanon,42
I-78,42077,Lehigh,42
I-78,42095,Northampton,42
I-780,06095,Solano,06
I-781,36045,Jefferson,36
I-785,37081,Guilford,37
I-787,36001,Albany,36
I-79,42003,Allegheny,42
I-79,42019,Butler,42
I-79,42039,Crawford,42
I-79,42049,Erie,42
I-79,42059,Greene,42
I-79,42073,Lawrence,42
I-79,42085,Mercer,42
I-79,42125,Washington,42
I-79,54007,Braxton,54
I-79,54015,Clay,54
I-79,54021,Gilmer,54
I-79,54033,Harrison,54
I-79,54039,Kanawha,54
I-79,54041,Lewis,54
I-79,54049,Marion,54
I-79,54061,Monongalia,54
I-79,54087,Roane,54
I-790,36065,Oneida,36
I-794,55079,Milwaukee,55
I-795,24005,Baltimore,24
I-795,37191,Wayne,37
I-795,37195,Wilson,37
I-8,04013,Maricopa,04
I-8,04021,Pinal,04
I-8,04027,Yuma,04
I-8,06025,Imperial,06
I-8,06073,San Diego,06
I-80,06001,Alameda,06
I-80,06013,Contra Costa,06
I-80,06055,Napa,06
I-80,06057,Nevada,06
I-80,06061,Placer,06
I-80,06067,Sacramento,06
I-80,06075,San Francisco,06
I-80,06091,Sierra,06
I-80,06095,Solano,06
I-80,06113,Yolo,06
I-80,17011,Bureau,17
I-80,17031,Cook,17
I-80,17063,Grundy,17
I-80,17073,Henry,17
I-80,17093,Kendall,17
I-80,17099,LaSalle,17
I-80,17161,Rock Island,17
I-80,17197,Will,17
I-80,18039,Elkhart,18
I-80,18087,LaGrange,18
I-80,18089,Lake,18
I-80,18091,LaPorte,18
I-80,18127,Porter,18
I-80,18141,St. Joseph,18
I-80,18151,Steuben,18
I-80,19001,Adair,19
I-80,19029,Cass,19
I-80,19031,Cedar,19
I-80,19049,Dallas,19
I-80,19095,Iowa,19
I-80,19099,Jasper,19
I-80,19103,Johnson,19
I-80,19121,Madison,19
I-80,19153,Polk,19
I-80,19155,Pottawattamie,19
I-80,19157,Poweshiek,19
I-80,19163,Scott,19
I-80,31019,Buffalo,31
I-80,31025,Cass,31
I-80,31033,Cheyenne,31
I-80,31047,Dawson,31
I-80,31049,Deuel,31
I-80,31055,Douglas,31
I-80,31079,Hall,31
I-80,31081,Hamilton,31
I-80,31101,Keith,31
I-80,31105,Kimball,31
I-80,31109,Lancaster,31
I-80,31111,Lincoln,31
I-80,31153,Sarpy,31
I-80,31159,Seward,31
I-80,31185,York,31
I-80,32001,Churchill,32
I-80,32007,Elko,32
I-80,32011,Eureka,32
I-80,32013,Humboldt,32
I-80,32015,Lander,32
I-80,32019,Lyon,32
I-80,32027,Pershing,32
I-80,32029,Storey,32
I-80,32031,Washoe,32
I-80,34003,Bergen,34
I-80,34013,Essex,34
I-80,34027,Morris,34
I-80,34031,Passaic,34
I-80,34037,Sussex,34
I-80,34041,Warren,34
I-80,39035,Cuyahoga,39
I-80,39043,Erie,39
I-80,39051,Fulton,39
I-80,39093,Lorain,39
I-80,39095,Lucas,39
I-80,39099,Mahoning,39
I-80,39123,Ottawa,39
I-80,39133,Portage,39
I-80,39143,Sandusky,39
I-80,39153,Summit,39
I-80,39155,Trumbull,39
I-80,39171,Williams,39
I-80,39173,Wood,39
I-80,42019,Butler,42
I-80,42025,Carbon,42
I-80,42027,Centre,42
I-80,42031,Clarion,42
I-80,42033,Clearfield,42
I-80,42035,Clinton,42
I-80,42037,Columbia,42
I-80,42065,Jefferson,42
I-80,42079,Luzerne,42
I-80,42085,Mercer,42
I-80,42089,Monroe,42
I-80,42093,Montour,42
I-80,42097,Northumberland,42
I-80,42119,Union,42
I-80,42121,Venango,42
I-80,49035,Salt Lake,49
I-80,49043,Summit,49
I-80,49045,Tooele,49
I-80,56001,Albany,56
I-80,56007,Carbon,56
I-80,56021,Laramie,56
I-80,56037,Sweetwater,56
I-80,56041,Uinta,56
I-805,06073,San Diego,06
I-81,24043,Washington,24
I-81,36007,Broome,36
I-81,36023,Cortland,36
I-81,36045,Jefferson,36
I-81,36067,Onondaga,36
I-81,36075,Oswego,36
I-81,42041,Cumberland,42
I-81,42043,Dauphin,42
I-81,42055,Franklin,42
I-81,42069,Lackawanna,42
I-81,42075,Lebanon,42
I-81,42079,Luzerne,42
I-81,42107,Schuylkill,42
I-81,42115,Susquehanna,42
I-81,47059,Greene,47
I-81,47063,Hamblen,47
I-81,47089,Jefferson,47
I-81,47163,Sullivan,47
I-81,47179,Washington,47
I-81,51015,Augusta,51
I-81,51023,Botetourt,51
I-81,51069,Frederick,51
I-81,51121,Montgomery,51
I-81,51155,Pulaski,51
I-81,51161,Roanoke,51
I-81,51163,Rockbridge,51
I-81,51165,Rockingham,51
I-81,51171,Shenandoah,51
I-81,51173,Smyth,51
I-81,51187,Warren,51
I-81,51191,Washington,51
I-81,51197,Wythe,51
I-81,51520,Bristol,51
I-81,51660,Harrisonburg,51
I-81,51750,Radford,51
I-81,51775,Salem,51
I-81,51840,Winchester,51
I-81,54003,Berkeley,54
I-82,41059,Umatilla,41
I-82,53005,Benton,53
I-82,53037,Kittitas,53
I-82,53077,Yakima,53
I-820,48439,Tarrant,48
I-83,24005,Baltimore,24
I-83,24510,Baltimore,24
I-83,42041,Cumberland,42
I-83,42043,Dauphin,42
I-83,42133,York,42
I-84,09110,Capitol,09
I-84,09140,Naugatuck Valley,09
I-84,09150,Northeastern Connecticut,09
I-84,09190,Western Connecticut,09
I-84,16001,Ada,16
I-84,16027,Canyon,16
I-84,16031,Cassia,16
I-84,16039,Elmore,16
I-84,16047,Gooding,16
I-84,16053,Jerome,16
I-84,16067,Minidoka,16
I-84,16071,Oneida,16
I-84,16075,Payette,16
I-84,25013,Hampden,25
I-84,25027,Worcester,25
I-84,36027,Dutchess,36
I-84,36071,Orange,36
I-84,36079,Putnam,36
I-84,41001,Baker,41
I-84,41021,Gilliam,41
I-84,41027,Hood River,41
I-84,41045,Malheur,41
I-84,41049,Morrow,41
I-84,41051,Multnomah,41
I-84,41055,Sherman,41
I-84,41059,Umatilla,41
I-84,41061,Union,41
I-84,41065,Wasco,41
I-84,42069,Lackawanna,42
I-84,42103,Pike,42
I-84,42127,Wayne,42
I-84,49003,Box Elder,49
I-84,49011,Davis,49
I-84,49029,Morgan,49
I-84,49043,Summit,49
I-84,49057,Weber,49
I-840,37081,Guilford,37
I-840,47043,Dickson,47
I-840,47081,Hickman,47
I-840,47149,Rutherford,47
I-840,47187,Williamson,47
I-840,47189,Wilson,47
I-85,01017,Chambers,01
I-85,01081,Lee,01
I-85,01087,Macon,01
I-85,01101,Montgomery,01
I-85,13011,Banks,13
I-85,13013,Barrow,13
I-85,13063,Clayton,13
I-85,13077,Coweta,13
I-85,13089,DeKalb,13
I-85,13119,Franklin,13
I-85,13121,Fulton,13
I-85,13135,Gwinnett,13
I-85,13145,Harris,13
I-85,13147,Hart,13
I-85,13157,Jackson,13
I-85,13199,Meriwether,13
I-85,13285,Troup,13
I-85,37001,Alamance,37
I-85,37025,Cabarrus,37
I-85,37045,Cleveland,37
I-85,37057,Davidson,37
I-85,37063,Durham,37
I-85,37071,Gaston,37
I-85,37077,Granville,37
I-85,37081,Guilford,37
I-85,37119,Mecklenburg,37
I-85,37135,Orange,37
I-85,37151,Randolph,37
I-85,37159,Rowan,37
I-85,37181,Vance,37
I-85,37185,Warren,37
I-85,45007,Anderson,45
I-85,45021,Cherokee,45
I-85,45045,Greenville,45
I-85,45073,Oconee,45
I-85,45083,Spartanburg,45
I-85,51025,Brunswick,51
I-85,51053,Dinwiddie,51
I-85,51117,Mecklenburg,51
I-85,51730,Petersburg,51
I-86,16005,Bannock,16
I-86,16031,Cassia,16
I-86,16077,Power,16
I-86,36003,Allegany,36
I-86,36007,Broome,36
I-86,36009,Cattaraugus,36
I-86,36013,Chautauqua,36
I-86,36015,Chemung,36
I-86,36071,Orange,36
I-86,36101,Steuben,36
I-86,36105,Sullivan,36
I-86,36107,Tioga,36
I-86,42015,Bradford,42
I-86,42049,Erie,42
I-865,18011,Boone,18
I-87,36001,Albany,36
I-87,36005,Bronx,36
I-87,36019,Clinton,36
I-87,36031,Essex,36
I-87,36039,Greene,36
I-87,36071,Orange,36
I-87,36087,Rockland,36
I-87,36091,Saratoga,36
I-87,36111,Ulster,36
I-87,36113,Warren,36
I-87,36119,Westchester,36
I-88,17031,Cook,17
I-88,17037,DeKalb,17
I-88,17043,DuPage,17
I-88,17089,Kane,17
I-88,17103,Lee,17
I-88,17141,Ogle,17
I-88,17161,Rock Island,17
I-88,17195,Whiteside,17
I-88,36007,Broome,36
I-88,36017,Chenango,36
I-88,36025,Delaware,36
I-88,36077,Otsego,36
I-88,36093,Schenectady,36
I-88,36095,Schoharie,36
I-880,06001,Alameda,06
I-880,06085,Santa Clara,06
I-880,19155,Pottawattamie,19
I-89,33009,Grafton,33
I-89,33013,Merrimack,33
I-89,33019,Sullivan,33
I-89,50007,Chittenden,50
I-89,50011,Franklin,50
I-89,50017,Orange,50
I-89,50023,Washington,50
I-89,50027,Windsor,50
I-890,36001,Albany,36
I-890,36093,Schenectady,36
I-894,55079,Milwaukee,55
I-895,24003,Anne Arundel,24
I-895,24005,Baltimore,24
I-895,24027,Howard,24
I-895,24510,Baltimore,24
I-895,36005,Bronx,36
I-90,16055,Kootenai,16
I-90,16079,Shoshone,16
I-90,17007,Boone,17
I-90,17031,Cook,17
I-90,17089,Kane,17
I-90,17111,McHenry,17
I-90,17201,Winnebago,17
I-90,18039,Elkhart,18
I-90,18087,LaGrange,18
I-90,18089,Lake,18
I-90,18091,LaPorte,18
I-90,18127,Porter,18
I-90,18141,St. Joseph,18
I-90,18151,Steuben,18
I-90,25003,Berkshire,25
I-90,25013,Hampden,25
I-90,25017,Middlesex,25
I-90,25021,Norfolk,25
I-90,25025,Suffolk,25
I-90,25027,Worcester,25
I-90,27043,Faribault,27
I-90,27047,Freeborn,27
I-90,27063,Jackson,27
I-90,27091,Martin,27
I-90,27099,Mower,27
I-90,27105,Nobles,27
I-90,27109,Olmsted,27
I-90,27133,Rock,27
I-90,27169,Winona,27
I-90,30003,Big Horn,30
I-90,30007,Broadwater,30
I-90,30023,Deer Lodge,30
I-90,30031,Gallatin,30
I-90,30039,Granite,30
I-90,30043,Jefferson,30
I-90,30061,Mineral,30
I-90,30063,Missoula,30
I-90,30067,Park,30
I-90,30077,Powell,30
I-90,30093,Silver Bow,30
I-90,30095,Stillwater,30
I-90,30097,Sweet Grass,30
I-90,30111,Yellowstone,30
I-90,36001,Albany,36
I-90,36011,Cayuga,36
I-90,36013,Chautauqua,36
I-90,36021,Columbia,36
I-90,36029,Erie,36
I-90,36037,Genesee,36
I-90,36043,Herkimer,36
I-90,36053,Madison,36
I-90,36055,Monroe,36
I-90,36057,Montgomery,36
I-90,36065,Oneida,36
I-90,36067,Onondaga,36
I-90,36069,Ontario,36
I-90,36083,Rensselaer,36
I-90,36093,Schenectady,36
I-90,36099,Seneca,36
I-90,39007,Ashtabula,39
I-90,39035,Cuyahoga,39
I-90,39043,Erie,39
I-90,39051,Fulton,39
I-90,39085,Lake,39
I-90,39093,Lorain,39
I-90,39095,Lucas,39
I-90,39123,Ottawa,39
I-90,39143,Sandusky,39
I-90,39171,Williams,39
I-90,39173,Wood,39
I-90,42049,Erie,42
I-90,46003,Aurora,46
I-90,46015,Brule,46
I-90,46035,Davison,46
I-90,46061,Hanson,46
I-90,46071,Jackson,46
I-90,46075,Jones,46
I-90,46081,Lawrence,46
I-90,46085,Lyman,46
I-90,46087,McCook,46
I-90,46093,Meade,46
I-90,46099,Minnehaha,46
I-90,46103,Pennington,46
I-90,53001,Adams,53
I-90,53025,Grant,53
I-90,53033,King,53
I-90,53037,Kittitas,53
I-90,53043,Lincoln,53
I-90,53063,Spokane,53
I-90,55021,Columbia,55
I-90,55025,Dane,55
I-90,55057,Juneau,55
I-90,55063,La Crosse,55
I-90,55081,Monroe,55
I-90,55105,Rock,55
I-90,55111,Sauk,55
I-90,56005,Campbell,56
I-90,56011,Crook,56
I-90,56019,Johnson,56
I-90,56033,Sheridan,56
I-91,09110,Capitol,09
I-91,09130,Lower Connecticut River Valley,09
I-91,09170,South Central Connecticut,09
I-91,25011,Franklin,25
I-91,25013,Hampden,25
I-91,25015,Hampshire,25
I-91,50005,Caledonia,50
I-91,50017,Orange,50
I-91,50019,Orleans,50
I-91,50025,Windham,50
I-91,50027,Windsor,50
I-93,25009,Essex,25
I-93,25017,Middlesex,25
I-93,25021,Norfolk,25
I-93,25025,Suffolk,25
I-93,33001,Belknap,33
I-93,33009,Grafton,33
I-93,33011,Hillsborough,33
I-93,33013,Merrimack,33
I-93,33015,Rockingham,33
I-93,50005,Caledonia,50
I-94,17031,Cook,17
I-94,17097,Lake,17
I-94,18089,Lake,18
I-94,18091,LaPorte,18
I-94,18127,Porter,18
I-94,26021,Berrien,26
I-94,26025,Calhoun,26
I-94,26075,Jackson,26
I-94,26077,Kalamazoo,26
I-94,26099,Macomb,26
I-94,26147,St. Clair,26
I-94,26159,Van Buren,26
I-94,26161,Washtenaw,26
I-94,26163,Wayne,26
I-94,27027,Clay,27
I-94,27041,Douglas,27
I-94,27051,Grant,27
I-94,27053,Hennepin,27
I-94,27111,Otter Tail,27
I-94,27123,Ramsey,27
I-94,27145,Stearns,27
I-94,27153,Todd,27
I-94,27163,Washington,27
I-94,27167,Wilkin,27
I-94,27171,Wright,27
I-94,30017,Custer,30
I-94,30021,Dawson,30
I-94,30079,Prairie,30
I-94,30087,Rosebud,30
I-94,30103,Treasure,30
I-94,30109,Wibaux,30
I-94,30111,Yellowstone,30
I-94,38003,Barnes,38
I-94,38007,Billings,38
I-94,38015,Burleigh,38
I-94,38017,Cass,38
I-94,38033,Golden Valley,38
I-94,38043,Kidder,38
I-94,38059,Morton,38
I-94,38089,Stark,38
I-94,38093,Stutsman,38
I-94,55021,Columbia,55
I-94,55025,Dane,55
I-94,55033,Dunn,55
I-94,55035,Eau Claire,55
I-94,55053,Jackson,55
I-94,55055,Jefferson,55
I-94,55057,Juneau,55
I-94,55059,Kenosha,55
I-94,55079,Milwaukee,55
I-94,55081,Monroe,55
I-94,55101,Racine,55
I-94,55109,St. Croix,55
I-94,55111,Sauk,55
I-94,55121,Trempealeau,55
I-94,55133,Waukesha,55
I-95,09120,Greater Bridgeport,09
I-95,09130,Lower Connecticut River Valley,09
I-95,09170,South Central Connecticut,09
I-95,09180,Southeastern Connecticut,09
I-95,09190,Western Connecticut,09
I-95,10003,New Castle,10
I-95,11001,District of Columbia,11
I-95,12009,Brevard,12
I-95,12011,Broward,12
I-95,12031,Duval,12
I-95,12035,Flagler,12
I-95,12061,Indian River,12
I-95,12085,Martin,12
I-95,12086,Miami-Dade,12
I-95,12089,Nassau,12
I-95,12099,Palm Beach,12
I-95,12109,St. Johns,12
I-95,12111,St. Lucie,12
I-95,12127,Volusia,12
I-95,13029,Bryan,13
I-95,13039,Camden,13
I-95,13051,Chatham,13
I-95,13103,Effingham,13
I-95,13127,Glynn,13
I-95,13179,Liberty,13
I-95,13191,McIntosh,13
I-95,23001,Androscoggin,23
I-95,23003,Aroostook,23
I-95,23005,Cumberland,23
I-95,23011,Kennebec,23
I-95,23019,Penobscot,23
I-95,23025,Somerset,23
I-95,23027,Waldo,23
I-95,23031,York,23
I-95,24005,Baltimore,24
I-95,24015,Cecil,24
I-95,24025,Harford,24
I-95,24027,Howard,24
I-95,24033,Prince George's,24
I-95,24510,Baltimore,24
I-95,25005,Bristol,25
I-95,25009,Essex,25
I-95,25017,Middlesex,25
I-95,25021,Norfolk,25
I-95,33015,Rockingham,33
I-95,34003,Bergen,34
I-95,34005,Burlington,34
I-95,34013,Essex,34
I-95,34017,Hudson,34
I-95,34021,Mercer,34
I-95,34023,Middlesex,34
I-95,34039,Union,34
I-95,36005,Bronx,36
I-95,36061,New York,36
I-95,36119,Westchester,36
I-95,37051,Cumberland,37
I-95,37083,Halifax,37
I-95,37085,Harnett,37
I-95,37101,Johnston,37
I-95,37127,Nash,37
I-95,37131,Northampton,37
I-95,37155,Robeson,37
I-95,37195,Wilson,37
I-95,42017,Bucks,42
I-95,42045,Delaware,42
I-95,42101,Philadelphia,42
I-95,44003,Kent,44
I-95,44007,Providence,44
I-95,44009,Washington,44
I-95,45027,Clarendon,45
I-95,45029,Colleton,45
I-95,45031,Darlington,45
I-95,45033,Dillon,45
I-95,45035,Dorchester,45
I-95,45041,Florence,45
I-95,45049,Hampton,45
I-95,45053,Jasper,45
I-95,45069,Marlboro,45
I-95,45075,Orangeburg,45
I-95,45085,Sumter,45
I-95,51033,Caroline,51
I-95,51041,Chesterfield,51
I-95,51059,Fairfax,51
I-95,51081,Greensville,51
I-95,51085,Hanover,51
I-95,51087,Henrico,51
I-95,51149,Prince George,51
I-95,51153,Prince William,51
I-95,51177,Spotsylvania,51
I-95,51179,Stafford,51
I-95,51183,Sussex,51
I-95,51510,Alexandria,51
I-95,51570,Colonial Heights,51
I-95,51595,Emporia,51
I-95,51630,Fredericksburg,51
I-95,51730,Petersburg,51
I-95,51760,Richmond,51
I-96,26037,Clinton,26
I-96,26045,Eaton,26
I-96,26065,Ingham,26
I-96,26067,Ionia,26
I-96,26081,Kent,26
I-96,26093,Livingston,26
I-96,26121,Muskegon,26
I-96,26125,Oakland,26
I-96,26139,Ottawa,26
I-96,26163,Wayne,26
I-97,24003,Anne Arundel,24
I-980,06001,Alameda,06
I-985,13135,Gwinnett,13
I-985,13139,Hall,13
I-99,36101,Steuben,36
I-99,42009,Bedford,42
I-99,42013,Blair,42
I-99,42027,Centre,42
I-99,42117,Tioga,42
I-990,36029,Erie,36
